"# of Use","počet použití"
"%1$s incl tax.","%1$s s daní."
"%s - %s","%s - %s"
"%s Item(s)","položek: %s"
"%s and above","%s a více"
"<span>%s </span>Item(s)","Položek:<span> %s</span>"
"(%d)","(%d)"
"(Copy data from: %s)","(Kopírovat data z: %s)"
"(Will make search for the query above return results for this search.)","(Vyrobit hledání nad výsledky vrácené tímto dotazem.)"
"* Required Fields","* Povinná pole"
"-- Please Select --","-- Prosím vyberte --"
"86400 by default, if not set. To refresh instantly, Clear the Blocks HTML Output Cache.","Výchozí hodnota, pokud není vyplněno je 86400. Chcete-li aktualizovat okamžitě, dejte vymazat cache bloků HTML."
"A group with the same name already exists.","Skupina s tímto jménem již existuje."
"A name is required","Je požadováno jméno"
"A product type is not defined for the indexer.","Typ produktu není definován pro indexer."
"ALL GROUPS","VŠECHNY SKUPINY"
"AM","Dop."
"Action","Událost"
"Add Attribute","Přidat vlastnost"
"Add Design Change","Přidat změnu vzhledu"
"Add Group","Přidat skupinu"
"Add New","Přidat nové"
"Add New Attribute","Přidat novou vlastnost"
"Add New Attribute Set","Přidat novou množinu vlastností"
"Add New Group","Přidat novou skupinu"
"Add New Images","Přidat nové obrázky"
"Add New Option","Přidat novou možnost"
"Add New Row","Přidat nový řádek"
"Add New Search Term","Přidat nový výraz hledání"
"Add New Set","Přidat novou množinu"
"Add Product","Přidat produkt"
"Add Product To Websites","Přidat produkt na stránky"
"Add Root Category","Přidat novou hlavní kategorii"
"Add Subcategory","Přidat podkategorii"
"Add Tax","Přidat daň"
"Add Tier","Přidat slevu"
"Add to Cart","Přidat do košíku"
"Add to Compare","Přidat do srovnání"
"Add to Wishlist","Přidat do seznamu přání"
"Additional Information","Další informace"
"Alert Urls","Varování url"
"All","Vše"
"All Product Types","Všechny typy produktů"
"All Websites","Všechny stránky"
"All products of this set will be deleted! Are you sure you want to delete this attribute set?","Všechny produkty z této množiny budou smazány! Jste si jisti, že chcete smazat tuto množinu atributů?"
"Allow All Products per Page","Dovolit všechny produkty na stránku"
"Allow Dynamic Media URLs in Products and Categories","Povolit dynamické url pro média v produktech a kategoriích"
"Allow HTML Tags on Frontend","Povolit HTML značky v obchodě"
"Allowed File Extensions","Povolené přípony souboru"
"Allowed file extensions to upload","Povolené přípony souboru pro nahrávání"
"An error occurred while adding customers for the %s alert. Message: %s","Chyba při přidávání zákazníka pro %s. Zpráva: %s"
"An error occurred while adding products to websites.","Při přidávání produktu na stránky nastala chyba."
"An error occurred while clearing comparison list.","Při mazání seznamu porovnávaných produktů nastala chyba."
"An error occurred while removing products from websites.","Při odstraňování produktů ze stránek nastala chyba."
"An error occurred while saving the URL rewrite.","Chyba při ukládání URL rewrite."
"An error occurred while saving the attribute set.","Chyba při ukládání množiny atributů."
"An error occurred while saving the collection, aborting. Error message: %s","Problém při ukládání kolekce, přerušuji. Chyba: %s"
"An error occurred while saving the product. ","Chyba při ukládání produktu. "
"An error occurred while saving the search query.","Chyba při ukládání vyhledávacího dotazu."
"An error occurred while saving this group.","Chyba při ukládání skupiny."
"An error occurred while trying to delete the category.","Chyba při pokusu o smazání kategorie."
"An error occurred while updating the product(s) attributes.","Při upravování vlastností produktů se vyskytly chyby."
"An error occurred while updating the product(s) status.","Při aktualizaci stavu produktu nastala chyba."
"An invalid group ID is specified, skipping the record.","Bylo vybráno neplatné ID skupiny, záznam byl vynechán."
"An invalid option ID is specified for %s (%s), skipping the record.","Bylo specifikováno neplatné id volby pro %s (%s), záznam byl vynechán."
"An invalid store was specified.","Chybně specifikovaný obchod."
"Anchor Custom Text","Vlastní text kotvy"
"Anchor Custom Title","Vlastní nadpis kotvy"
"Applicable to catalog products and categories only. Any media content will be inserted into editor as a static URL. It is not updated if the system configuration base URL changes.","Použitelné pouze v katalogu a kategoriích. Všechna média, která budou vložena do editoru se vkládají statickou URL. URL se nebudou aktualizována, pokud se změní konfigurace výchozí URL."
"Apply To","Použít na"
"Approved","Schválený"
"Are you sure you want to delete this category?","Jste si jisti, že chcete smazat tuto kategorii?"
"Are you sure you would like to remove all products from your comparison?","Jste si jisti, že chcete odstranit všechny položky k porovnání?"
"Are you sure you would like to remove this item from the compare products?","Jste si jisti, že chcete odebrat tuto položku z porovnávaných produktů?"
"Are you sure?","Jste si jisti?"
"As low as:","Nejméně:"
"Assign","Přiřadit"
"Assign product link","Odkaz na přiřazený produkt"
"Assign product to category","Zařadit produkt do kategorie"
"Assigned Products","Přiřazené produkty"
"Associated Products","Související produkty"
"Attrib. Set Name","Název množiny vlastností"
"Attribute ""%s"" is invalid.","Chybná vlastnost ""%s""."
"Attribute ""%s"" is required.","Vlastnost ""%s"" je vyžadována."
"Attribute Information","Informace o vlastnosti"
"Attribute Model","Model vlastnosti"
"Attribute Name:","Název vlastnosti:"
"Attribute Set","Sada vlastností"
"""Attribute group with the \""/name/\"" name already exists""","""Vlastnost skupiny se jménem \""/name/\"" již existuje"""
"Attribute with the same code already exists","Vlastnost s tímto kódem již existuje"
"Attributes","Vlastnosti"
"Attrribute names can be specified per store.","Vlastnost jméno může být specifické pro každý obchod."
"Autogenerate","Vygenerovat automaticky"
"Availability:","Dostupnost:"
"Back","Zpět"
"Backend Model","Model backend-u"
"Backend Table","Tabulka backend-u"
"Backend Table Title","Nadpis tabulky backend-u"
"Backorders","Zpětné objednávky"
"Based On","Založeno na"
"Best Value","Nejlepší hodnota"
"Block after Info Column","Blok za informačním sloupcem"
"Bottom Block Options Wrapper","Bottom Block Options Wrapper"
"Bottom/Left","Dole/vlevo"
"Bottom/Right","Dole/vpravo"
"Browse By","Procházet podle"
"Bundle Items","Položky balení"
"Buy %1$s for %2$s","Koupit %1$s za %2$s kus"
"Buy %1$s for %2$s (%3$s incl. tax) each","Koupit %1$s za %2$s (%3$s s daní) kus"
"Buy %1$s for %2$s each","Koupit %1$s za %2$s kus"
"Buy %1$s with %2$s discount each","Koupit %1$s za %2$s kus"
"Cache Lifetime (Seconds)","Životnost cache (v sekundách)"
"Cache refresh needed.","Je potřeba obnovit cache."
"Can be used only with catalog input type Dropdown","Může být použito pouze s katalogovým vstupem typu ""rozbalovací menu"""
"Can be used only with catalog input type Dropdown, Multiple Select and Price","Může být použito pouze s katalogovým vstupem typu rozbalovací menu, Vícenásobný výběr a Cena"
"Can't create image.","Nelze vytvořit obrázek."
"Cancel","Zrušit"
"Cannot create image.","Nelze vytvořit obrázek."
"Cannot create writeable directory '%s'.","Nelze vyrobit zapisovatelný adresář '%s'."
"Cart Item Attribute","Vlastnosti položky košíku"
"Catalog","Katalog"
"Catalog Category (Anchor)","Kategorie katalogu (kotva)"
"Catalog Category (Non-Anchor)","Kategorie katalogu (není kotva)"
"Catalog Category (Without Subcategories)","Kategorie katalogu (bez podkategorií)"
"Catalog Category Link","Kategorie katalogu - odkaz"
"Catalog New Products List","Seznam nových produktů"
"Catalog Price Scope","Rozsah katalogových cen"
"Catalog Product Compare List","Seznam porovnávaných produktů"
"Catalog Product Email to a Friend","Poslat známému"
"Catalog Product Image Gallery Popup","Vyskakovací obrázková galerie produktů"
"Catalog Product Link","Katalogový produkt - odkaz"
"Catalog Product View (Any)","Zobrazit všechny produkty"
"Catalog Product View (Configurable)","Zobrazit konfigurovatelné"
"Catalog Product View (Grouped)","Zobrazit skupiny produktů"
"Catalog Product View (Simple)","Zobrazit jednoduché produkty"
"Catalog Product View (Virtual)","Zobrazit virtuální produkty"
"Catalog Section","Katalog"
"Catalog Seo Popular Search Terms","Seo katalog nejvyhledávanějších výrazů"
"Catalog Seo Sitemap (Category List)","Seo mapa stránek (seznam kategorií)"
"Catalog Seo Sitemap (Category Tree)","Seo mapa stránek (strom kategorií)"
"Catalog Seo Sitemap (Common)","Společný Katalog (SEO mapa)"
"Catalog Seo Sitemap (Product List)","Seo mapa produktů"
"Catalog URL Rewrites","Přepis katalogových url"
"Catalog, Search","Katalogu, Vyhledávání"
"Categories","Kategorie"
"Categories Sitemap","Mapa kategorií"
"Category","Kategorie"
"Category API","API kategorií"
"Category Data","Data kategorie"
"Category Flat Data","Sloučit data kategorií"
"Category Link Block Template","Šablona bloku odkazů na kategorie"
"Category Link Inline Template","Vnitřní šablona katalogových odkazů"
"Category Products","Kategorie Produkty"
"Category Top Navigation","Navigace kategorií"
"Category URL Suffix","Přípona URL kategorie"
"Category attributes API","API vlastností kategorií"
"Category move error","Chyba při přesunu kategorie"
"Category move operation is not possible: the new parent category was not found.","Přesun kategorie není možný. Nová kořenová kategorie nenalezena."
"Category must be an instance of Mage_Catalog_Model_Category.","Kategorie musí být instancí Mage_Catalog_Model_Category."
"Center","Střed"
"Change","Změna"
"Change or Retrieve attribute store view","Změna nebo načtení vlastností pohledu obchodu"
"Change status","Změnit stav"
"Check items to add to the cart or","Vybrat položku pro přidání do košíku, nebo"
"Choose an Option...","Vyberte možnost..."
"Clear All","Vymazat vše"
"Close Window","Zavřít okno"
"Collapse All","Sbalit vše"
"Comma-separated.","Oddělené čárkami."
"Comparable","Srovnatelný"
"Comparable on Front-end","Srovnatelný na přední straně"
"Comparable on the Frontend","Srovnatelný na přední straně"
"Compare","Porovnat"
"Compare Products","Porovnat produkty"
"Conditions Combination","Kombinace podmínek"
"Configurable Product","Nastavitelný produkt"
"Configurable Product Settings","Nastavení konfigurovatelných produktů"
"Configure Product","Nastavitelný produkt"
"Continue","Pokračovat"
"Copy From Configurable","Zkopírovat z konfigurovatelný"
"Country/State","Země/stát"
"Create","Vytvořit"
"Create (Upload)","Vytvořit (Nahrát)"
"Create Empty","Vytvořit prázdné"
"Create Permanent Redirect for old URL","Vytvořit trvalé přesměrování pro staré URL"
"Create Permanent Redirect for old URLs if Url key changed","Vytvořit trvalé přesměrování pro staré URL pokud se URL klíč změní"
"Create Product Settings","Vytvořit nastavení produktu"
"Create Simple Associated Product","Vytvořit jednoduchý přiřazený produkt"
"Create new category","Vytvořit novou kategorii"
"Create new product","Vytvořit nový produkt"
"Cross-sells","Skládající se z"
"Currently Shopping by:","Nakupovat podle:"
"Custom Design","Uživatelský vzhled"
"Custom Options","Vlastní možnosti"
"Customer Group","Skupina zákazníků"
"Customers Reviews","Zákaznické recenze"
"Customers Tagged Product","Zákaznický popis produktu"
"Customers for alert %s were successfuly added to queue","Zákazníci k záznamu %s byli úspěšně přidány do fronty"
"Data Type for Saving in Database","Typ dat pro ukládání do databáze"
"Date & Time Custom Options","Vlastní možnosti Data a Času"
"Date Fields Order","Řazení položek data"
"Date Subscribed","Předplacený od"
"Datetime","Datum a čas"
"Decimal","Desetinný"
"Declare attribute value saving scope","Rozsah deklarovaných hodnot atributů uložen"
"Default Price","Výchozí cena"
"Default Price Navigation Step","Výchozí cena - krok navigace"
"Default Qty","Výchozí Množství"
"Default Values","Výchozí hodnota"
"Defines the base currency scope (""Currency Setup"" > ""Currency Options"" > ""Base Currency"").","Definuje základní rozsah měn (""Nastavení měny"" > ""Vlastnoti měny"" > ""Výchozí měna"")."
"Delete","Smazat"
"Delete Attribute","Smazat vlastnost"
"Delete Attribute Set","Smazat množinu vlastností"
"Delete Category","Smazat kategorii"
"Delete Option","Smazat možnost"
"Delete Row","Smazat řádek"
"Delete Search","Smazat hledání"
"Delete Selected Group","Smazat označenou skupinu"
"Delete category","Smazat kategorii"
"Delete product","Smazat produkt"
"Depends on design theme","Závisí na grafickém vzhledu"
"Design","Vzhled"
"Details","Detaily"
"Disabled","Neaktivní"
"Disallowed file type.","Nepovolený typ souboru."
"Display in Suggested Terms","Zobrazit v nabízených výrazech"
"Double click on a group to rename it","Pro přejmenování skupiny použijte dvojklik"
"Double click on above image to view full picture","Dvojklikem na obrázek ho zobrazíte v plné velikosti"
"Downloadable Information","Informace ke stažení"
"Duplicate","Kopírovat"
"Duplicate website tier price customer group and quantity.","Duplikovat řadu cen zákaznických skupin a množství."
"Duplicate website, country and state tax found.","Duplicitní stránky, daně pro země a stát nenalezeny."
"E.g. {{media url=""path/to/image.jpg""}} {{skin url=""path/to/picture.gif""}}. Dynamic directives parsing impacts catalog performance.","Například {{media url=""cesta/k/obrazku.jpg""}} {{skin url=""cesta/k/obrazku.gif""}}. Dynamic directives parsing impacts catalog performance."
"Edit","Upravit"
"Edit Attribute Set '%s'","Upravit množinu vlastností '%s'"
"Edit Product Attribute","Upravit vlastnosti produktu"
"Edit Product Attribute ""%s""","Upravit vlastnosti produktu ""%s"""
"Edit Search","Upravit hledání"
"Edit Search '%s'","Upravit hledání '%s'"
"Edit Set Name","Upravit jméno množiny"
"Email","E-mail"
"Email to %s was not sent.","Email pro %s nebyl odeslán."
"Email to a Friend","Poslat známému"
"Empty","Prázdné"
"Enable Qty Increments","Povolit snižování množství"
"Enable WYSIWYG","Povolit WYSIWYG"
"Enabled","Aktivní"
"Error during retrieval of option value: %s","Chyba během příjmu hodnoty volby: %s"
"Exclude","Vyřadit"
"Expand All","Rozbalit vše"
"Failed","Neúspěšný"
"Failed to move file: %s","Chybné přesouvání souboru: %s"
"Feature Products","Hlavní produkty"
"Field is not complete","Pole není kompletní"
"File options format is not valid.","Formát souboru není povolený."
"File upload failed","Chyba při nahrávání souboru"
"Filter model name must be declared.","Filt jména modelu musí být deklarován."
"Filter must be an object. Please set correct filter.","Filt musí být objekt. Opravte prosím filtr."
"Filterable (no results)","Filtrovatelné (nevracet výsledky)"
"Filterable (with results)","Filtrovatelné (s výsledky)"
"First Name","Jméno"
"Fixed","Pevné"
"For internal use.","Pro vnitřní použití."
"Frontend","Čelní"
"Frontend Model","Přední model"
"Frontend Properties","Přední vlastnosti"
"Gallery","Galerie"
"General Information","Všeobecné informace"
"Get special price","Speciální cena"
"Global","Globální"
"Globally Editable","Globálně upravitelný"
"Go to Home Page","Na hlavní stránku"
"Grid","Tabulka"
"Group Price","Skupinová cena"
"Grouped Product","Skupina produktů"
"Groups","Skupiny"
"Home","Domů"
"ID","ID"
"ID: %s","ID: %s"
"If empty, the Category Name will be used","Pokud ponecháte prázdné, použije se jméno kategorie"
"If empty, the Product Name will be used","Pokud ponecháte prázdné, použije se jméno produktu"
"If you do not specify an option value for a specific store view then the default (Admin) value will be used.","Pokud nespecifikujete vlastnost pro obchod, bude použita výchozí hodnota."
"Image","Obrázek"
"Image content is not valid base64 data.","Obsah obrázkunemá platná data base64."
"Image does not exist.","Obrázek neexistuje."
"Image file was not found.","Obrázek nenalezen."
"Image type and information need to be specified for each store view.","Typ a informace o obrázku musí být specifikovány pro každý obchod."
"In Stock","Skladem"
"In stock","Skladem"
"Incl. Tax","S daní"
"Index product and categories URL rewrites","Index produktu a url alias kategorií"
"Index product attributes for layered navigation building","Index product attributes for layered navigation building"
"Index product prices","Index ceny produktu"
"Indexed category/products association","Vazby indexů kategorií/produktů"
"Info Column Options Wrapper","Info Column Options Wrapper"
"Input Type","Vstupní typ"
"Integer","Celé číslo"
"Invalid Tier Prices","Chybné slevy"
"Invalid attribute %s.","Chybná vlastnost %s."
"Invalid attribute option specified for attribute %s (%s), skipping the record.","Byla specifikována neplatná volba pro atribut %s (%s), záznam byl vynechán."
"Invalid attribute set specified, skipping the record.","Byla specifikována neplatná sada atributů, záznam byl vynechán."
"Invalid block: %s.","Neplatný blok: %s."
"Invalid category IDs.","Chybné ID kategorie."
"Invalid category.","Chybná kategorie."
"Invalid image file type.","Chybný typ obrázku."
"Invalid image type.","Chybný typ obrázku."
"Invalid option ID specified for %s (%s), skipping the record.","Bylo specifikováno neplatné id volby pro %s (%s), záznam byl vynechán."
"Invalid product type specified, skipping the record.","Neplatný typ produktu, záznam byl vynechán."
"Invalid store specified","Chybně specifikovaný obchod"
"Invalid store specified, skipping the record.","Byl vybrán neplatný obchod, záznam byl vynechán."
"Invalid tier prices. The product is not associated to the requested website.","Chybná sleva. Produkt není přiřazen k vyžadované stránce."
"Invalid transactional email code.","Chybný kód transakčního emailu."
"Inventory","Sklad"
"Is Default","Je výchozí"
"Is Required","Je vyžadováno"
"Items %s to %s of %s total","Položky <strong>%s</strong> až <strong>%s</strong> z celkem <strong>%s</strong>"
"Items that you do not want to show in the catalog or search results should have status 'Disabled' in the desired store.","Položky, které nechcete zobrazovat v katalogu nebo vyhledávání musí mít status ""Vypnuto"" v požadovaném obchodě."
"Items that you don't want to show in the catalog or search results should have status 'Disabled' in the desired store.","Položky, které nechcete zobrazovat v katalogu nebo vyhledávání musí mít status ""Vypnuto"" v požadovaném obchodě."
"Keep your eyes open for our special Back to School items and save A LOT!","Podívejte se na naší speciální akci ""Zpět do školy"" a ušetřete."
"Label","Nadpis"
"Last Name","Příjmení"
"Last Notification","Poslední zpráva"
"Layered Navigation","Vrstvy navigace"
"Learn More","Dozvědět se více"
"Line %d, Email: %s","Řádek %d, email: %s"
"Line %d, SKU: %s","Řádek %d, SKU: %s"
"Link (Related, Up sell, Cross sell)","Odkaz (Odpovídající, Up sell, Cross sell)"
"Link product does not exist.","Odkaz na produkt neexistuje."
"Link to a Specified Category","Odkaz na specifickou kategorii."
"Link to a Specified Product","Odkaz na specifický produkt"
"List","Seznam"
"List Mode","Typ seznam"
"List of Products that are set as New","Seznam produktů které mají být nastaveny jako Novinky"
"Manage Attribute Sets","Spravovat množinu vlastností"
"Manage Attributes","Správa vlastností"
"Manage Catalog Categories","Správa kategorií katalogu"
"Manage Categories","Správa kategorií"
"Manage Label / Options","Správa Nadpisů / Možností"
"Manage Options (values of your attribute)","Správa možností (hodnoty pro vlastnosti)"
"Manage Product Attributes","Správa vlastností produktu"
"Manage Product Sets","Spravovat množinu produktů"
"Manage Products","Spravovat produkty"
"Manage Stock","Spravovat sklad"
"Manage Titles (Size, Color, etc.)","Spravovat nadpisy (Velikost, Barva, atd.)"
"Manufacturer's Suggested Retail Price","Výrobcem doporučená maloobchodní cena"
"Max Characters","Maximálně znaků"
"Maximal Depth","Maximální hloubka"
"Maximum Image Size","Maximální velikost obrázku"
"Maximum Qty Allowed in Shopping Cart","Maximální dovolené množství v košíku"
"Maximum allowed image size for '%s' is %sx%s px.","Maximální dovolená velikost obrázku pro '%s' je %sx%s px."
"Maximum image height","Maximální výška obrázku"
"Maximum image width","Maximální šířka obrázku"
"Maximum number of characters:","Maximální počet znaků:"
"Media Image","Obrázek médií"
"Minimum Lines per Page","Minimum řádků na stránku"
"Minimum Qty Allowed in Shopping Cart","Minimální množství dovolené v košíku"
"Minimum Qty for Item's Status to be Out of Stock","Minimální množství pro stav Vyprodáno"
"Missing SKU, skipping the record.","Chybějící SKU, záznam byl vynechán."
"More Views","Více pohledů"
"Move","Přesunout"
"Move category in tree","Přesunout kategorii ve stromě"
"Must be in the allowed values list.","Musí být v seznamu povolených hodnot."
"N/A","nedefinováno"
"Name","Jméno"
"Name in %s","Jméno je: %s"
"New Product","Nový produkt"
"New Product Attribute","Nová vlastnost produktu"
"New Products","Nové produkty"
"New Products Grid Template","Nová šablona tabulky produktů"
"New Products List Template","Nová šablona seznamu produktů"
"New Root Category","Nová hlavní kategorie"
"New Search","Nové hledání"
"New Set Name","Nový název množiny"
"New Subcategory","Nová podkategorie"
"Next","Další"
"No","Ne"
"No image","Žádný obrázek"
"No layout updates","pohled neaktualizován"
"No options of this product are available.","Tento produkt nemá žádné dostupné možnosti."
"No product collections found.","Kolekce produktů nenalezeny."
"None","Žádné"
"Not Visible Individually","Nezobrazovat individuální"
"Notify Low Stock RSS","RSS pro upozornění na nízký stav zásob"
"Notify for Quantity Below","Upozornit pro množství menší než"
"Number of Products to Display","Počet produktů pro zobrazení"
"Number of Uses","Počet uživatelů"
"Number of results<br/>(For the last time placed)","Počet výsledků<br/>(Pro poslední umístění)"
"OK","OK"
"OR","NEBO"
"Old Price:","Původní cena:"
"Option validation failed to add product to cart.","Ověření vlastností selhalo pro přidání produktu do košíku."
"Option:","Volba:"
"Options Control","Nastavení možností"
"Options is required","Nastavení je vyžadováno"
"Our customer service is available 24/7. Call us at (555) 555-0123.","Náš zákaznický servis je dostupný 24/7. Volejte na (800) DEMO-NUMBER."
"Out of Stock","Není skladem"
"Out of stock","Není skladem"
"PM","Odp."
"Page Title Separator","Oddělovač nadpisu stránek"
"Parent Category","Nadřazená kategorie"
"Pending","Čekající"
"Pending Reviews RSS","RSS pro nevyřešené hodnocení"
"Percentage","Procento"
"Please add rows to option.","Prosím přidejte řádky do možností."
"Please be careful as once you click on the row it will load package data form the selected file and all unsaved form data will be lost.","Prosím buďte opatrní, jak jednou klepnete na řádek, budou načtena data z vybraného souboru, všechna neuložená data budou ztracena."
"Please click on the Close Window button if it is not closed automatically.","Prosím klikněte na X (zavřít), pokud se okno nezavře automaticky."
"Please enter a new group name","Zadejte nové jméno skupiny"
"Please refresh ""Catalog URL Rewrites"" and ""Product Attributes"" in System -> <a href=""%s"">Index Management</a>","Prosím obnovte ""Přepis katalogových URL"" a ""Vlastnosti produktu"" v Systém -> <a href=""%s"">Správa indexů</a>"
"Please select a static block ...","Vyberte prosím statický blok..."
"Please select items.","Prosím vyberte položky."
"Please select one or more attributes.","Označte jednu nebo více vlastností."
"Please select product(s).","Prosím vyberte produkt(y)."
"Please select products for attributes update","Označte produkty pro upravení vlastností"
"Please specify date required option(s).","Prosím specifikujte vyžadované vlastnosti data."
"Please specify the product required option(s)","Prosím specifikujte vyžadované možnosti produktu"
"Please specify the product required option(s).","Prosím specifikujte vyžadované možnosti produktu."
"Please specify the product\'s option(s).","Prosím specifikujte možnosti produktu."
"Please specify the product\'s required option(s).","Prosím specifikujte vyžadované možnosti produktu."
"Please specify the product's option(s).","Prosím zadejte možnost(i) produktu."
"Please specify the product's required option(s).","Prosím specifikujte vyžadované možnosti produktu."
"Please specify the quantity of product(s).","Upřesněte množství produktů."
"Please specify time required option(s).","Prosím specifikujte vyžadované vlastnosti času."
"Please wait...","Prosím čekejte..."
"Position","Pozice"
"Position in Layered Navigation","Umístění ve vrstvě navigace"
"Position of attribute in layered navigation block","Umístění atributu ve vrstvě navigačního bloku"
"Prev","Předchozí"
"Previous","Předchozí"
"Price","Cena"
"Price Navigation Step Calculation","Cena - krok navigace Výpočet"
"Price Type","Typ ceny"
"Price is not available","Cena není dostupná"
"Price values for options should be specified in system base currency.","Nastavení hodnoty ceny může být specifikováno v systému ve výchozí měně."
"Price:","Cena:"
"Price: %s","Cena: %s"
"Print This Page","Vytisknout tuto stránku"
"Product","Produkty"
"Product API","API Produktů"
"Product Alerts","Výstrahy pro produkt"
"Product Attribute","Vlastnost produktu"
"Product Attributes","Vlastnost produktu"
"Product Categories","Kategorie produktu"
"Product Description","Popis produktu"
"Product Extra Info","Extra informace pro produkt"
"Product Flat Data","Sloučit data produktů"
"Product ID","ID Produktu"
"Product Image Placeholders","Náhrada obrázků produktu"
"Product Image Watermarks","Vodoznak obrázků produktu"
"Product Images","Obrázky produktů"
"Product Images API","API obrázků produktů"
"Product In Websites","Produkt na webových stránkách"
"Product Info Column","Informační sloupec produktu"
"Product Information","Informace o produktu"
"Product Link Block Template","Šablona bloku odkazů na produkty"
"Product Link Inline Template","Šablona vnořených odkazů na produkty"
"Product Listing Sort by","Výpis produktů řadit dle"
"Product Name","Název produktu"
"Product Prices","Ceny produktu"
"Product Reviews","Recenze produktů"
"Product Tags","Štítky produktu"
"Product Tier Price API","API slev produktu"
"Product Type","Typ produktu"
"Product URL Suffix","Přidat na konec URL produktu"
"Product View Extra Hint","Zobrazit extra nápovědu pro produkt"
"Product attribute sets API","API množiny vlastností produktu"
"Product attributes API","API vlastností produktu"
"Product collection expected.","Byla očekávána kolekce produktů."
"Product is not loaded","Produkt není načten"
"Product links API (related, cross sells, up sells)","Odkazy API produktů (odpovídající, cross sells, up sells)"
"Product name","Název produktu"
"Product types API","API typu produktu"
"Product with this combination of attributes already associated to configurable.","Produkt s kombinací těchto vlastností už je asociován ke konfiguraci."
"Products","Produkty"
"Products Comparison List","Seznam porovnávaných produktů"
"Products Information","Informace o produktu"
"Products Reviews","Recenze produktů"
"Products Sitemap","Mapa produktů"
"Products only","Pouze produkty"
"Products per Page on Grid Allowed Values","Povolené hodnoty pro tabulku produktů na stránku"
"Products per Page on Grid Default Value","Výchozí hodnota pro počet produktů na stránce pro tabulku"
"Products per Page on List Allowed Values","Povolené hodnoty pro seznam produktů na stránku"
"Products per Page on List Default Value","Výchozí hodnota pro počet produktů na stránce pro seznam"
"Properties","Vlastnosti"
"Qty","Množství"
"Qty Increments","Množství přírůstku"
"Qty Uses Decimals","Množství používá desetiny"
"Qty for Item's Status to become Out of Stock","Minimální množství pro stav Vyprodáno"
"Qty:","Množství:"
"Quantity","Množství"
"Quick Create","Rychlé vytvoření"
"Quick Overview","Rychlý přehled"
"Quick simple product creation","Rychlé vytvoření jednoduchého produktu"
"Records for ""","Záznamy pro """
"Redirect","Přesměrování"
"Redirect URL","Přesměrování URL"
"Regular Price:","Běžná cena:"
"Related Products","Související produkty"
"Remove","Odstranit"
"Remove Product From Websites","Odstranit produkt ze stránek"
"Remove This Item","Odstranit tuto položku"
"Remove product assignment","Odstranit přiřazení produktu"
"Remove product image","Odstranit obrázek produktu"
"Remove product link","Odstranit odkaz produktu"
"Reorganize EAV category structure to flat structure","Přeorganizovat strukturu EAV kategorie na strukturu flat (sloučené)"
"Reorganize EAV product structure to flat structure","Přeorganizovat strukturu EAV produktů na strukturu flat (sloučené)"
"Reset","Vynulovat"
"Results","Výsledky"
"Retrieve attribute data","Načíst data atributů"
"Retrieve attribute list","Získat seznam vlastností"
"Retrieve attribute options","Získat možnosti vlastností"
"Retrieve categories tree","Získat strom kategorií"
"Retrieve category attributes","Získat vlastnosti kategorie"
"Retrieve category data","Získat data kategorie"
"Retrieve hierarchical tree","Získat hierarchický strom"
"Retrieve linked products","Získat odkazy produktů"
"Retrieve list of assigned products","Získat seznam přiřazených produktů"
"Retrieve one level of categories by website/store view/parent category","Získat jednu vrtstvu z kategorií ze stránek/obchodu pohled/rodičovská kategorie"
"Retrieve product","Získat produkt"
"Retrieve product attribute sets","Získat množinu vlastností produktu"
"Retrieve product image","Získat obrázek produktu"
"Retrieve product image list","Obdržet seznam obrázků produktu"
"Retrieve product image types","Získat typ obrázku produktu"
"Retrieve product link type attributes","Získat typy vlastností odkazu produktů"
"Retrieve product link types","Získat typ odkazu produktu"
"Retrieve product tier prices","Získat slevy produktu"
"Retrieve product types","Získat typy produktu"
"Retrieve products data","Získat data produktu"
"Retrieve products list by filters","Získat seznam filtrovaných produktů"
"Reviews","Hodnocení"
"Roll Over for preview","Otočit pro náhled"
"Root","Kořen"
"SKU","SKU"
"SKU length should be %s characters maximum.","Délka SKU může být maximálně %s."
"Save","Uložit"
"Save Attribute","Uložit vlastnosti"
"Save Attribute Set","Uložit množinu vlastností"
"Save Category","Uložit kategorii"
"Save Search","Uložit hledání"
"Save and Continue Edit","Uložit a pokračovat v úpravách"
"Saved %d record(s)","Uloženo záznamů: %d."
"Scope","Rozsah"
"Search","Hledání"
"Search Engine Optimizations","Optimalizace pro vyhledávání"
"Search Information","Informace o hledání"
"Search Query","Vyhledávací dotaz"
"Search Term with such search query already exists.","Vyhledávaný výraz s tímto dotazem již existuje."
"Searchable","Prohledávatelný"
"Select Category...","Vybrat kategorii..."
"Select Configurable Attributes ","Vybrat nastavitelné vlastnosti"
"Select Product...","Vybrat produkt..."
"Select type of option","Vyberte typ možnosti"
"Select type options required values rows.","Vyberte požadované hodnoty řádků."
"Selected Product Types","Vybrané typy produktů"
"Selected configuration is not available.","Vybraná konfigurace není dostupná."
"Send Count","Odeslat množství"
"Set Ascending Direction","Nastavit vzestupně"
"Set Descending Direction","Nastavit sestupně"
"Set Name","Nastavit jméno"
"Set Root Category for Store","Nastavit hlavní kategorii pro obchod"
"Set root category for this store in the <a href=""%s"">configuration</a>","Nastavte hlavní kategorii pro tento obchod v <a href=""%s"">nastavení</a>"
"Set special price","Nastavit speciální cenu"
"Set/Get current store view","Nastavit/získat pohled aktuálního obchodu"
"Settings","Nastavení"
"Shop By","Nakupovat dle"
"Shopping Options","Nákupní volby"
"Short Description","Krátký popis"
"Show","Ukázat"
"Show Details","Zobrazit detaily"
"Show Tags","Ukázat štítky"
"Simple Product","Jednoduchý produkt"
"Site Map","Mapa stránek"
"Sitemap","Mapa stránek"
"Skip import row, is not valid value ""%s"" for field ""%s""","Přeskakuji import řádků, neplatná hodnota ""%s"" pro pole ""%s"""
"Skip import row, required field ""%s"" for the new customer is not defined.","Přeskakuji import řádku, vyžadované pole ""%s"" pro nového zákazníka není definováno."
"Skip import row, the value ""%s"" is invalid for field ""%s""","Přeskakuji import řádku, neplatná hodnota ""%s"" pro pole ""%s"""
"Skipping import row, required field ""%s"" for new products is not defined.","Přeskakuji import řádku, požadované pole ""%s"" pro nový produkt není definováno."
"Skipping import row, required field ""%s"" is not defined.","Přeskakuji import řádku, požadované pole ""%s"" není definované."
"Skipping import row, store ""%s"" field does not exist.","Přeskakuji import řádku, obchod ""%s"" pole neexistuje."
"Skipping import row, the value ""%s"" is not valid for the ""%s"" field.","Přeskakuji import řádku, neplatná hodnota ""%s"" pro pole ""%s""."
"Some of the processed products have no SKU value defined. Please fill it prior to performing operations on these products.","Některé ze zpracovávaných produktů nemají definováno SKU. Prosím vyplňte jej před provedením operací."
"Some of the products below do not have all the required options. Please edit them and configure all the required options.","Některý z produktů uvedených níže neobsahuje všechny vyžadované položky. Prosím upravte je a vyplňte všechny požadované vlastnosti."
"Sort By","Seřadit podle"
"Sort Order","Pořadí objednávek"
"Source Model","Zdrojový model"
"Special Expires On: %s","Akční cena končí: %s"
"Special Price:","Zvláštní cena:"
"Special Price: %s","Akční cena: %s"
"Starting at:","Začít v:"
"Static","Pevný"
"Static block and products","Statický blok a produkty"
"Static block only","Pouze statické bloky"
"Status","Stav"
"Stock Availability","Skladová dostupnost"
"Store","Obchod"
"Store View","Obchod Pohled"
"Stretch","Natáhnout"
"Subscribe to RSS Feed","Odebírat RSS zdroj"
"Super product attributes configuration","Konfigurace vlastností superproduktů"
"Synonym For","Synonyma pro"
"System Properties","Vlastnosti systému"
"Tag Name","Jméno štítku"
"Tax","DPH"
"Template","Šablona"
"Text","Text"
"The Flat Catalog module has a limit of %2\$d filterable and/or sortable attributes. Currently there are %1\$d of them. Please reduce the number of filterable/sortable attributes in order to use this module.","Modul flat katalogu má limit %2\$d filtrovatelných a/nebo třídících vlastností. Momentálně je %1\$d. Prosím zredukujte počet filtrovatelných/třídících vlastností v objednávce pro možné použití tohoto modulu."
"The attribute model is not defined","Model vlastnosti není definován"
"The attribute set has been saved.","Množina vlastností byla uložena."
"The base directory to upload file is not specified.","Není specifikován výchozí adresář pro nahrávání souborů."
"The category has been deleted.","Kategorie byla smazána."
"The category has been saved.","Kategorie byla uložena."
"The comparison list was cleared.","Seznam porovnání byl úspěšně smazán."
"The email template is not specified by administrator.","Šablona emailu není vybrána administrátorem."
"The file '%s' for '%s' has an invalid extension","Soubor '%s' pro '%s' má neplatnou příponu"
"The file '%s' you uploaded is larger than %s Megabytes allowed by server","Soubor '%s' který nahráváte je větší než %s MB povolených na Vašem serveru"
"The file you uploaded is larger than %s Megabytes allowed by server","Soubor který nahráváte je větší než %s MB povolených na Vašem serveru"
"The filters must be an array.","Filtry musí být pole."
"The image contents is not valid base64 data.","Obsah obrázku nemá platná data base64."
"The image is not specified.","Obrázek není specifikovaný."
"The product %s has been added to comparison list.","Produkt %s byl přidán do seznamu k porovnání."
"The product %s has been removed from comparison list.","Produkt %s byl odebrán ze seznamu porovnání."
"The product attribute has been deleted.","Vlastnost produktu byla smazána."
"The product attribute has been saved.","Vlastnost produktu byla uložena."
"The product has been created.","Produkt byl vytvořen."
"The product has been deleted.","Produkt byl smazán."
"The product has been duplicated.","Produkt byl duplikován."
"The product has been saved.","Produkt byl uložen."
"The product has required options","Produkt má vyžadovaná nastavení"
"The review has been deleted","Recenze byla smazána"
"The review has been saved.","Recenze byla uložena."
"The review was removed by another user or does not exist.","Recenze byla odstraněna jiným uživatelem a nebo neexistuje."
"The search was deleted.","Hledání bylo smazáno."
"The text is too long","Délka textu je příliš dlouhá"
"There are no %s available.","%s není dostupný."
"There are no customers for this alert","Nejsou zákazníci pro toto varování"
"There are no customers for this alert.","Nejsou zákazníci pro toto varování."
"There are no products matching the selection.","Výběru neodpovídá žádná položka."
"There was an error while request processing.","Došlo k chybě při zpracování požadavku."
"This Attribute no longer exists","Tato vlastnost již neexistuje"
"This attribute cannot be deleted.","Tuto vlastnost nelze smazat."
"This attribute cannot be edited.","Tato vlastnost nemůže být upravena."
"This attribute cannot be updated.","Vlastnost nemůže být aktualizována."
"This attribute is used in configurable products. You cannot remove it from the attribute set.","Tato skupina obsahuje vlastnosti používané v konfigurovatelném produktu, nelze ji proto odebrat z množiny vlastností."
"This attribute no longer exists","Tato vlastnost již dlouho neexistuje"
"This attribute set no longer exists.","Tato množina vlastností již neexistuje."
"This group contains attributes, used in configurable products. Please move these attributes to another group and try again.","Tato skupina obsahuje vlastnosti používané v konfigurovatelném produktu. Přesuňte tyto vlastnosti do jiné skupiny a zkuste to znovu."
"This group contains system attributes. Please move system attributes to another group and try again.","Tato skupina obsahuje systémové vlastnosti. Přesuňte systémové vlastnosti do jiné skupiny a zkuste to znovu."
"This is a required option","Toto je vyžadovaná vlastnost"
"This product no longer exists.","Tento produkt již neexistuje."
"This search no longer exists.","Toto vyhledávání již neexistuje."
"Tier Pricing","Množstevní sleva"
"Tile","Dlaždice"
"Time Format","Formát času"
"Title","Nadpis"
"To reindex the enabled product(s), the store or product must be specified.","Pro přeindexování povolených produktů musíte specifikovat obchod."
"Top/Left","Nahoře/vlevo"
"Top/Right","Nahoře/vpravo"
"Total Qty Base Items","Celkový počet položek základu"
"Total incl. Tax: %1$s","Celkem s daní: %1$s"
"Total of %d record(s) have been deleted.","Celkem smazaných záznamů: %d."
"Total of %d record(s) have been updated.","Celkem aktualizovaných záznamů: %d."
"Type","Typ"
"URL Rewrite Management","Správa přepisů URL"
"Unable to complete this request.","Nelze dokončit požadavek."
"Unable to find a search term to delete.","Nenalezen vyhledávací výraz k smazání."
"Unable to find an attribute to delete.","Nenalezena vlastnost k smazání."
"Unable to get the product ID.","Nelze získat id produktu."
"Unassigned Attributes","Nepřiřazené vlastnosti"
"Unknown EAV indexer type ""%s"".","Neznámý typ indexu eav ""%s""."
"Unknown attribute: %s.","Neznámý atribut: %s."
"Unsupported product type ""%s"".","Nepodporovaný typ produktu ""%s""."
"Up-sells","Doporučit"
"Update","Aktualizovat"
"Update Attributes","Aktualizovat vlastnosti"
"Update Tier Price","Aktualizovat slevy produktu"
"Update assigned product","Aktualizovat přiřazené produkty"
"Update attributes","Aktualizovat vlastnosti"
"Update category","Aktualizovat kategorii"
"Update product","Aktualizovat produkt"
"Update product image","Aktualizovat obrázek produktu"
"Update product link","Aktualizovat odkaz produktu"
"Update product tier prices","Aktualizovat slevy produktu"
"Upload new product image ","Nahrát nový obrázek k produktu"
"Url Rewrite Management","Správa přepisů URL"
"Use Canonical Link Meta Tag For Categories","Použít Canonical Link Meta Tag pro kategorie"
"Use Canonical Link Meta Tag For Products","Použít Canonical Link Meta Tag pro produkty"
"Use Categories Path for Product URLs","Použít cestu kategorie pro URL produktu"
"Use Config Settings","Použijte konfiguraci nastavení"
"Use Default Value","Použít výchozí hodnotu"
"Use Flat Catalog Category","Použít Flat katalog kategorií"
"Use Flat Catalog Product","Použít Flat katalog produktů"
"Use In Layered Navigation","Užijte ve vrstvách navigace"
"Use In Search Results Layered Navigation","Použít ve vrstvách navigace vyhledávání"
"Use JavaScript Calendar","Použít javascriptový kalendář"
"Use Static URLs for Media Content in WYSIWYG for Catalog","Použít statickou URL pro mediální obsah ve WYSIWYG editoru pro katalog"
"Use To Create Configurable Product","Použít pro vytvoření konfigurovatelného produktu"
"Use Tree Like Category Sitemap","Použít stromovou strukturu mapy stránek kategorií"
"Use config","Použít nastavení"
"Use default","Použít výchozí"
"Use for Promo Rule Conditions","Použít pro pravidla cen"
"Use four-digit year format.","Použít čtyřmístný formát roku."
"Use in Advanced Search","Použít v pokročilém vyhledávání"
"Use in Layered Navigation","Použít ve vrstvách navigace"
"Use in Layered Navigation<br/>(Can be used only with catalog input type 'Dropdown')","Používá se ve vrstvách navigace<br/>(Může být použito pouze se vstupem typu 'Rozbalovací menu')"
"Use in Quick Search","Použít v rychlém hledání"
"Used for Sorting in Product Listing","Použito pro třídění při výpisu produktů"
"Used in Product Listing","Použito v seznamu produktů"
"Value for ""%s"" is invalid.","Hodnota pro ""%s"" je chybná."
"Value for ""%s"" is invalid: %s","Hodnota pro ""%s"" je chybná: %s"
"Varchar","Varchar"
"View as","Zobrazit jako"
"View all","Zobrazit vše"
"Virtual Product","Virtuální produkt"
"Visibility","Viditelnost"
"Visible","Viditelné"
"Visible on Catalog Pages on Front-end","Viditelné v katalogu"
"Visible on Product View Page on Front-end","Viditelné na stránce produktů"
"WYSIWYG Editor","WYSIWYG editor"
"Watermark","Vodoznak"
"Watermark Default Size","Výchozí velikost vodoznaku"
"Watermark Opacity, Percent","Intenzita vodoznaku v procentech"
"Watermark Position","Pozice vodoznaku"
"We Also Recommend","Doporučujeme"
"Website","Webové stránky"
"Websites","Webové stránky"
"Whether to show ""All"" option in the ""Show X Per Page"" dropdown.","Povolit ""Zobrazit vše"" v rozbalovacím menu ""Zobrazit X na stránku""."
"Wrong BuyRequest instance in options group.","Špatný nákupní požadavek v nákupní možnosti."
"Wrong configuration item instance in options group.","Špatné nastavení položky např. v možnosti skupiny."
"Wrong configuration item option instance in options group.","Špatné nastavení možnosti položky například v možnosti skupiny."
"Wrong option instance type in options group.","Chybná volba typu instance v možnostech skupiny."
"Wrong option type to get group instance.","Chybný typ možnosti při získávání instance skupiny."
"Wrong product instance type in options group.","Chybný typ instance produktu ve skupině možností."
"Wrong product type filter specified","Zvolen chybný typ filtru produktu"
"Wrong product type to extract configurable options.","nesprávný typ produktu pro získání nastavitelných možností."
"Year Range","Rozsah roků"
"Yes","Ano"
"You cannot email this product to a friend.","Informace o tomto produktu nelze odeslat emailem."
"You cannot remove system attribute from this set.","Nemůžete odebrat systémovou vlastnost z této skupiny."
"You cannot send more than %d emails at a time.","Nemůžete odeslat více jak %d emailů v nastaveném časovém úseku."
"You have exceeded limit of %d sends in an hour.","Překročili jste povolený limit posílání za hodinu (%d)."
"You have no items to compare.","Nevybrali jste položky k porovnání."
"You have to specify at least one recipient.","Musíte vybrat alespoň jednoho příjemce."
"You may also be interested in the following product(s)","Možná Vás zaujme i následující "
"Zoom In","Přiblížit"
"Zoom Out","Oddálit"
"[GLOBAL]","[GLOBÁLNÍ]"
"and","a"
"categories","Kategorie"
"each","každý"
"ex. http://domain.com","například: http://domain.com"
"leave blank if its not an image","ponechte prázdné pokud to není obrázek"
"per page","na stránku"
"products","produkty"
"px.","px."
"save","ušetříte"
"select all","Vybrat vše"
"unselect all","Odznačit vše"
"x","x"
"Attribute Set no longer exists.","Množina vlastností již neexistuje"
"Category delete error","Chyba při mazání kategorie"
"Compare Products List","Seznam porovnávaných produktů"
"Error while saving search query. Please try again later.","Chyba při ukládání vyhledávání. Prosím zkuste to později."
"#~ ""Error while saving this group. Group with the same name already exists.""","Chyba při ukládání skupiny. Skupina s tímto jménem již existuje."
"Not defined Product Type for Indexer","Nedefinován typ produktu pro indexer"
"Please specify the product(s) quantity","Prosím specifikujte množství produktů"
"Product saving error. ","Chyba při ukládání produktu."
"Review successfully deleted","Recenze úspěšně smazány"
"Review was successfully saved","Recenze úspěšně uloženy"
"Saved ","Uloženo "
"Synonym for","Synonyma pro"
"URL rewrite save problem.","Chyba při ukládání URL aliasu."
"You cannot delete this attribute","Nemůžete smazat tuto vlastnost"
"You cannot edit this attribute","Nemůžete upravovat tuto vlastnost"
"You cannot update this attribute","Nemůžete upravit tuto vlastnost"
"and","a"
"and above","a více"
"categories","kategorie"
"each","každý"
"ex. http://domain.com","např. http://domain.com"
"leave blank if its not an image","nechte prázdné pokud se nejedná o obrázek"
"per page","na stránku"
"products","produkty"
"px.","px."
"save","uložit"
"select all","vybrat vše"
"unselect all","odznačit vše"
"x","x"
"Quick View","Náhled"
"Details","Detaily"