"""%s"" coupon code is not valid.","""%s"" kód kupónu není správný."
"%s","%s"
"%s / %s rate:","%s / %s sazba:"
"%s for %s","%s pro %s"
"%s order(s) cannot be canceled","Objednávka číslo %s nemůže být zrušena"
"%s order(s) have been canceled.","Objednávka %s nemůže být zrušena."
"%s order(s) have been put on hold.","Objednávka %s byla odložena."
"%s order(s) have been released from holding status.","Objednávka(y) %s byla obnovena z odloženého stavu."
"%s order(s) were not put on hold.","Objednávka %s nemůže být odložena."
"%s order(s) were not released from holding status.","Objednávka %s nemůže být obnovena z odloženého stavu."
"* - Enter custom price excluding tax","* - zadejte vlastní cenu bez daně"
"* - Enter custom price including tax","* - zadejte vlastní cenu obsahují daň"
"-- None --","-- Žádná --"
"-- Please Select --","-- Prosím vyberte --"
"-- Please Select Billing Agreement--","-- Prosím vyberte platební podmínky --"
"About This Order:","O objednávce:"
"About This Profile:","O profilu:"
"About Your Invoice","O Vaší faktuře"
"About Your Order","O Vaší objednávce"
"About Your Refund","O Vašem dobropisu"
"About Your Shipment","O Vaší zásilce"
"Accept Payment","Přijímáme platby"
"Accept or Deny Payment","Přijímat nebo odmítat platby"
"Account Information","Informace o účtu"
"Action","Akce"
"Actions","Akce"
"Activate","Aktivovat"
"Active","Aktivní"
"Add","Přidat"
"Add New Address","Přidat novou adresu"
"Add Order Comments","Přidat komentář k objednávce"
"Add Products","Přidat produkty"
"Add Selected Product(s) to Option","Přidat označené produkty do možností"
"Add Selected Product(s) to Order","Přidat označené do objednávky"
"Add To Order","Přidat do objednávky"
"Add Tracking Number","Přidat číslo na sledování zakázky"
"Add comment to order","Přidat komentář k objednávce"
"Add new comment to shipment","Přidat nový komentář k zásilce"
"Add new tracking number","Přidat číslo na sledování zakázky"
"Add to Cart","Přidat do košíku"
"Additional Product Info","Další informace o produktu"
"Address","Adresa"
"Address model is not defined.","Model adres není specifikován."
"Adjustment Fee","Úprava poplatků"
"Adjustment Refund","Upravit splátku"
"Agreement Information","Platební údaje"
"Allow Reorder","Povolit znovuobjednání"
"Amount","Částka"
"Amount: %s.","Množství: %s."
"An error occurred while assigning order status. Status has not been assigned.","Nastala chyba při přiřazování stavu objednávky. Stav nebyl přiřazen."
"An error occurred while saving order status. The status has not been added.","Nastala chyba při ukládání stavu objednávky. Stav nebyl přidán."
"An error occurred while unassigning order status.","Došlo k chybě při odebírání stavu objednávky."
"An error occurred while updating the order address. The address has not been changed.","Nastala chyba při aktualizaci adresy v objednávce. Adresa nebyla změněna."
"An item option with code %s already exists.","Zboží s tímto kódem (%s) již existuje"
"Append Comments","Přidat komentáře"
"Apply","Použít"
"Apply Coupon Code","Použít kód kupónu"
"Approved the payment online.","Schválené online platby."
"Are you sure you want to accept this payment?","Jste si jisti, že chcete zrušit platbu?"
"Are you sure you want to cancel this order?","Jste si jisti, že chcete zrušit tuto objednávku?"
"Are you sure you want to deny this payment?","Jste si jisti, že chcete zrušit platbu?"
"Are you sure you want to do this?","Jste si jisti, že chcete zrušit tuto objednávku?"
"Are you sure you want to send Creditmemo email to customer?","Jste si jisti, že chcete zaslat email o dobropisu zákazníkovi?"
"Are you sure you want to send Invoice email to customer?","Jste si jisti, že chcete zaslat email o faktuře zákazníkovi?"
"Are you sure you want to send Shipment email to customer?","Jste si jisti, že chcete zrušit email o zásilce zákazníkovi?"
"Are you sure you want to send order email to customer?","Jste si jisti, že chcete zaslat email o objednávce zákazníkovi?"
"Are you sure you want to void the payment?","Jste si jisti, že chcete zrušit platbu?"
"Are you sure?","Jste si jisti?"
"Are you sure? This order will be canceled and a new one will be created instead","Jste si jisti? Tato objednávka bude zrušena a místo ní bude vytvořena nová"
"Assign Order Status to State","Stav objednávky"
"Assign Status to State","Přiřazení stavu ke stavu."
"Assignment Information","Platební údaje"
"At least a payment ID must be set.","Musí být nastaveno ID platby."
"Authorization","Autorizace zrušena."
"Authorized amount of %s.","Povolené množství: %s."
"Authorizing amount of %s is pending approval on gateway.","Částka %s čeká na schválení platební bránou."
"Back","Zpět"
"Back to Billing Agreements","Stejná jako fakturační adresa"
"Back to My Orders","Zpět k mým objednávkám"
"Back to Recurring Profiles","Zpět na trvalé platby"
"Backordered","Nevyřízená objednávka"
"Bestsellers","Nejprodávanější"
"Bill to Name","Účet na jméno"
"Billing","Fakturační adresa"
"Billing Address","Fakturační adresa"
"Billing Agreement","Fakturační adresa"
"Billing Agreement # %s","Fakturační adresa"
"Billing Agreement #%s","Fakturační adresa"
"Billing Agreement View","Zobrazit platební podmínky"
"Billing Agreements","Fakturační adresa"
"Buy %s for price %s","Koupit %s za cenu %s"
"CSV","CSV"
"Cancel","Zrušit"
"Cancel invoice","Zrušit fakturu"
"Cancel order","Zrušit objednávku"
"Canceled","Zrušené"
"Canceled order offline.","Offline zrušená objednávka."
"Canceled order online.","Online zrušená objednávka."
"Cannot add order history.","Nelze přidat historii objednávky."
"Cannot create an empty shipment.","Nelze vyrobit prázdnou zásilku."
"Cannot determine the field name.","Nelze určit název pole."
"Cannot do invoice for order.","K objednávce nelze vytvořit fakturu."
"Cannot do shipment for order.","Nelze vyrobit dodací list pro objednávku."
"Cannot get order instance","Objednávku nelze zobrazit"
"Cannot get the order instance.","Objednávku nelze zobrazit"
"Cannot register an existing credit memo.","Není možné zaregistrovat existující dobropis"
"Cannot register existing invoice","Nelze registrovat existující fakturu"
"Cannot register existing shipment","Nelze registrovat existující nakládání"
"Capture","Zachycené"
"Capture Amount","Zachycené množství"
"Capture Offline","Offline zachycené"
"Capture Online","Online zachycené"
"Capture invoice","Zachycená faktura"
"Captured amount of %s online.","Online přijaté množství %s."
"Capturing amount of %s is pending approval on gateway.","Částka %s čeká na schválení platební bránou."
"Carrier","Přepravce"
"Carrier/Method","Přepravce"
"Change status, add comments","Změnit stav, přidat komentář"
"Changing address information will not recalculate shipping, tax or other order amount.","Změna adresy nevyvolá přepočítání dopravy, daní ani výši objednávky."
"Checkout Totals Sort Order","Řazení celkového součtu"
"City","Město"
"Click to change shipping method","Klikněte pro změnu doručovací metody"
"Close","Uzavřeno"
"Closed","Uzavřeno"
"Comma-separated.","Oddělené čárkami."
"Comment","Komentář"
"Comment Text","Text komentáře"
"Comments","Komentáře"
"Comments History","Historie komentářů"
"Company","Společnost"
"Complete","Hotovo"
"Configure","Nastavení"
"Configure and Add to Order","Nastavit a přidat do objednávky"
"Country","Země"
"Coupons","Kupóny"
"Create","Vytvořit"
"Create New Customer","Vytvořit nového zákazníka"
"Create New Order","Vytvořit novou objednávku"
"Create New Order Status","Vytvořit novou objednávku"
"Create New Order for %s","Vytvořit novou objednávku pro: %s"
"Create New Order for %s in %s","Vytvořit novou objednávku pro: %s v %s"
"Create New Order for New Customer","Vytvořit novou objednávku pro nového zákazníka"
"Create New Order for New Customer in %s","Vytvořit novou objednávku pro nového zákazníka v %s"
"Create New Status","Nový stav"
"Create Shipment","Vytvořit zásilku"
"Create new invoice for order","Vytvořit novou fakturu pro objednávku"
"Create new shipment for order","Vytvořit novou zásilku pro objednávku"
"Create...","Vytvořit"
"Created At","Vytvořeno v"
"Created billing agreement #%s.","Vytvořit platební podmínky #%s."
"Created:","Vytvořit"
"Credit Memo","Dobropis"
"Credit Memo #","Dobropis "
"Credit Memo # ","Dobropis"
"Credit Memo #%1$s | %3$s | %2$s (%4$s)","Dobropis #%1$s | %3$s | %2$s (%4$s)"
"Credit Memo Comment Email Sender","Email odesilatele komentáře k dobropisu"
"Credit Memo Comment Email Template","Šablona emailu komentáře dobropisu"
"Credit Memo Comment Email Template for Guest","Šablona emailu komentáře k dobropisu pro návštěvníky"
"Credit Memo Comments","Komentáře dobropisu"
"Credit Memo Email Sender","E-mail odesilatele dobropisu"
"Credit Memo Email Template","Šablona emailu dobropisu"
"Credit Memo Email Template for Guest","Šablona emailu dobropisu pro návštěvníky"
"Credit Memo Update","Aktualizovat dobropis"
"Credit Memo Update for Guest","Aktualizace dobropisu pro návštěvníky"
"Credit Memos","Dobropisy"
"Credit memo has been created automatically","Dobropis byl vytvořen automaticky"
"Creditmemo","Dobropis"
"Custom Price","Vlastní cena"
"Custom Value","Uživatelská hodnota"
"Customer","Zákazník"
"Customer Can Define Start Date","Zákazník může zvolit datum začátku"
"Customer Email","Jméno zákazníka"
"Customer Group","Skupina zákazníků"
"Customer Last Name","Jméno zákazníka"
"Customer My Account Order Creditmemo View","Zobrazit dobropisy"
"Customer My Account Order History","Historie objednávek"
"Customer My Account Order Invoice View","Zobrazení faktur"
"Customer My Account Order Shipment View","Zobrazení zásilek"
"Customer My Account Order View","Zobrazení objednávek"
"Customer Name","Jméno zákazníka"
"Customer's Current Activities","Současné aktivity zákazníka"
"Date","Datum"
"Date Shipped","Datum odeslání"
"Default Status","Nový stav"
"Default logo, will be used in PDF and HTML documents.<br />(jpeg, tiff, png)","Výchozí logo, bude použito v PDF a HTML dokumentech.<br/>(jpeg, tiff, png)"
"Delete","Smazat"
"Denied the payment online.","Online vrácené množství od: %s."
"Deny Payment","Čekající platba"
"Description Message","Poznámka"
"Discount","Sleva"
"Discount (%s)","Sleva (%s)"
"Discount Amount","Množstevní sleva"
"Display Order ID in Header","Zobrazit ID objednávky v hlavičce"
"Edit","Upravit"
"Edit Order","Upravit objednávku"
"Edit Order #%s","Upravit objednávku %s"
"Edit Order %s %s Address","Upravit objednávku %s"
"Edit Order Status","Stav objednávky"
"Email","E-mail"
"Email Copy of Credit Memo","Poslat kopii dobropisu na email"
"Email Copy of Invoice","Kopii faktury na email"
"Email Copy of Shipment","Kopii zásilky na email"
"Email Order Confirmation","Email potvrzení objednávky"
"Enable","Povolený"
"Enabled","Povoleno"
"Error to Show in Shopping Cart","Chyby zobrazené v nákupním košíku"
"Excel XML","Excel XML"
"Excl. Tax","Bez daně"
"Expired","Uplynula platnost"
"Failed to cancel the billing agreement.","Platbu se nepodařilo zrušit."
"Failed to create billing agreement for this order.","Nepodařilo se vytvořit platební podmínky pro objednávku."
"Failed to finish billing agreement wizard.","Nepodařilo se dokončit průvodce platebními podmínkami."
"Failed to send the order email.","Objednávkový email se nepodařilo odeslat."
"Failed to start billing agreement wizard.","Nepodařilo se spustit průvodce platebními podmínkami."
"Failed to update the payment.","Platbu se nepodařilo zrušit."
"Failed to update the profile.","Platbu se nepodařilo zrušit."
"Failed to void the payment.","Platbu se nepodařilo zrušit."
"Fetch","Dosáhnout (Fetch)"
"First Name","Od jméno"
"From","Od"
"From Name","Od jméno"
"From:","Od:"
"G.T. (Base)","Celkový součet (základ)"
"G.T. (Purchased)","Celkový součet (zakoupený)"
"General Information","Informace o objednávce"
"Get Payment Update","Aktualizace zásilky"
"Get Update","Aktualizace objednávky"
"Get shipping methods and rates","Získat dopravní metody a sazby"
"Gift Message","Přání"
"Gift Message for This Order","Přání k této objednávce"
"Gift Message for the Entire Order","Přání přiložené k objednávce"
"Gift Message for this Order","Přání k této objednávce"
"Gift Options","Vlastní možnosti"
"Grand Total","Celkový součet"
"Grand Total to be Charged","Celkově účtovaný součet"
"Guest","Návštěvník"
"Hold","Podržet"
"Hold action is not available.","Akce podržet není dostupná"
"Hold order","Podržet objednávku"
"ID","ID"
"ID #","ID"
"If empty, the default description above will be used.","Pokud je prázdné, použije se výchozí popis"
"If empty, the default error above will be used.","Pokud je prázdné, použije se výchozí chyba"
"If the invoice was created offline, try creating an offline creditmemo.","Pokud byla faktura vytvořena offline, pokuste se vytvořit offline dobropis."
"Incl. Tax","S daní"
"Information","Informace"
"Initial Fee","Počáteční poplatek"
"Initial Fees","Počáteční poplatky"
"Initial period payment","Začátek platebního období"
"Invalid block: %s.","Chybný blok: %s"
"Invalid carrier specified.","Vybrán chybný přepravce."
"Invalid draw line data. Please define ""lines"" array.","Chybná data draw line. Prosím definujte pole ""lines"""
"Invalid entity model","Chybný model zobrazení"
"Invalid item option format.","Chybný formát položky"
"Invalid qty to invoice item ""%s""","Chybné množství položky ""%s"" ve faktuře"
"Invalid qty to refund item ""%s""","Neplatné množství položky ""%s"""
"Invalid qty to ship for item ""%s""","Neplatné množství pro doručení položky ""%s"""
"Invalid renderer model","Chybný model zobrazení"
"Invalid request for adding product to quote.","Chybný požadavek množství pro přidávané zboží"
"Invoice","Faktura"
"Invoice #","Faktura"
"Invoice # ","Faktura # "
"Invoice #%1$s | %2$s | %4$s (%3$s)","Faktura #%1$s | %2$s | %4$s (%3$s)"
"Invoice #%s","Faktura %s"
"Invoice Comment Email Sender","Email odesilatele komentáře k faktuře"
"Invoice Comment Email Template","Šablona emailu komentáře faktury"
"Invoice Comment Email Template for Guest","Šablona emailu komentáře faktury pro návštěvníky"
"Invoice Comments","Poznámky k faktuře"
"Invoice Date","Datum faktury"
"Invoice Email Sender","Odesilatel faktury"
"Invoice Email Template","Šablona emailu faktury"
"Invoice Email Template for Guest","Šablona emailu faktury pro návštěvníky"
"Invoice Update","Aktualizace faktury"
"Invoice Update for Guest","Aktualizace faktury pro návštěvníky"
"Invoice and Packing Slip Design","Logo a adresa odesilatele"
"Invoice and Ship","Faktura a zásilka"
"Invoice canceling problem.","Chyba při rušení faktury"
"Invoice cannot be canceled.","Faktura nemůže být zrušena."
"Invoice cannot be captured.","Faktura nemůže být zachycena"
"Invoice cannot be voided.","Faktura nemůže být nulová"
"Invoice capturing problem.","Chyba při zachytávání faktury"
"Invoice void problem","Problém nulové faktury"
"Invoice will be created without communication with payment gateway.","Faktura bude vytvořena bez komunikace s platební bránou."
"Invoiced","Fakturováno"
"Invoices","Faktury"
"Is Closed","Uzavřeno"
"Item","Položka"
"Item Status","Stav položky"
"Item object is not specified.","Objekt položky není specifikován."
"Item options declaration error.","Možnosti položek uznat chybu."
"Item ordered qty","Objednaných položek"
"Item qty declaration error.","Zvoleno chybné množství"
"Items","Položka"
"Items Invoiced","Fakturované položky"
"Items Ordered","Objednané položky"
"Items Refunded","Vrácené položky"
"Items Shipped","Odeslané položky"
"Items maximum quantity or price do not allow checkout.","Množství zboží nebo cena nedovolují pokračovat k pokladně."
"Items options declaration error.","Možnosti položek uznat chybu."
"Items to Refund","Položky k vrácení"
"Items to Ship","Položky k doručení"
"Key","Klič"
"Last Name","Jméno zákazníka"
"Last Ordered Items","Poslední objednané položky"
"Last status can't be unassigned from state.","Poslední stav nemůže být odebrán ze stavu."
"Link to the New Order","Odkaz na novou objednávku"
"Link to the Previous Order","Odkaz na předchozí objednávku"
"Logo for HTML Print View","Logo pro HTML tiskové náhledy"
"Logo for HTML documents only. If empty, default will be used.<br />(jpeg, gif, png)","Logo jen pro HTML dokumenty. Pokud ponecháte prázdné, použije se výchozí logo.<br/>(jpeg, gif, png)"
"Logo for PDF Print-outs (200x50)","Logo pro PDF tiskové výstupy (200x50)"
"Manage","Zpráva"
"Maximum shipping amount allowed to refund is: %s","Maximální povolená částka pro vrácení poštovného je: %s"
"Message","Zpráva"
"Message:","Zpráva:"
"Minimum Amount","Minimální množství"
"Minimum Order Amount","Minimální objednací množství"
"Mixed","Smíšené"
"Move to Shopping Cart","Přesunout do košíku"
"Move to Wishlist","Přesunout do seznamu přání"
"Multi-address Description Message","Popis pro doručení na více adres"
"Multi-address Error to Show in Shopping Cart","Ukázat v košíku chybu více adres"
"My Orders","Moje objednávky"
"My Orders - Details","Moje objednávky – detaily"
"N/A","nedefinováno"
"Name","Název"
"New","Nový"
"New Billing Agreement","Fakturační adresa"
"New Credit Memo","Nový dobropis"
"New Credit Memo for Guest","Nový dobropis pro návštěvníka"
"New Invoice","Nová faktura"
"New Invoice and Shipment for Order #%s","Nová faktura a zásilka pro objednávku číslo: %s"
"New Invoice for Guest","Nová faktura pro návštěvníka"
"New Invoice for Order #%s","Nová faktura pro objednávku číslo: %s"
"New Order","Nová objednávka"
"New Order Confirmation Email Sender","Odesilatel potvrzujícího emailu "
"New Order Confirmation Template","Šablona potvrzující novou objednávku"
"New Order Confirmation Template for Guest","Šablona potvrzující novou objednávku pro návštěvníka"
"New Order RSS","Nová objednávka RSS"
"New Order Status","Stav objednávky"
"New Order for Guest","Nová objednávka pro návštěvníka"
"New Shipment","Nová zásilka"
"New Shipment for Guest","Nová zásilka pro návštěvníka"
"New Shipment for Order #%s","Nová zásilka pro objednávku číslo: %s"
"Newsletter Subscription","Odběr zpravodaje"
"No","Ne"
"No Items","Žádné položky"
"No Items To Refund","Žádné položky k vrácení"
"No Payment Methods","Žádné způsoby platby"
"No detail for number ""%s""","Žádné podrobnosti pro číslo ""%s"""
"No information available.","Nejsou dostupné informace o doručení"
"No items","Žádné položky"
"No order(s) were put on hold.","Žádné objednávky nebyly pozdrženy"
"No order(s) were released from holding status.","Žádné objednávky dokončené ze stavu pozdrženo"
"No ordered items","Žádné objednané položky"
"No shipping information available","Nejsou dostupné informace o doručení"
"No valid transaction found for this payment review.","Nenalezena platná transakce pro tuto platbu."
"Nominal Items","Žádné položky"
"Nominal item can be purchased standalone only. To proceed please remove other items from the quote.",""
"Nominal order registered.","Nominální pořadí registrovaných."
"Not Capture","Nezachycené"
"Not Initialized","Neoznamovat"
"Not Notified","Neoznamovat"
"Not enough valid data to save the parent transaction ID.","Neplatná data pro uložení nadřazené transakce."
"Notification Not Applicable","Upozornění není použitelné"
"Notified","Oznámit"
"Notify Customer by Email","Upozornit zákazníka"
"Number","Číslo"
"Number of Invoiced Orders","Počet objednávek"
"Number of Orders","Počet objednávek"
"Number of Refunded Orders","Počet objednávek"
"Offline Refunded","Vrácené položky"
"On Hold","Podržet"
"Online Refunded","Splacený"
"Order","Objednávka"
"Order #","Objednávka č."
"Order # ","Заказ №"
"Order # %s","Objednávka %s"
"Order # %s %s | %s","Objednávka %s - <small><em>%s</em></small>"
"Order #%s","Objednávka %s"
"Order #%s - %s","Objednávka %s - <small><em>%s</em></small>"
"Order API","API objednávky"
"Order Address Information","Informace o objednávce"
"Order Comment","Komentář k objednávce"
"Order Comment Email Sender","Email odesilatele komentáře k objednávce"
"Order Comment Email Template","Šablona emailu komentáře objednávky"
"Order Comment Email Template for Guest","Šablona emailu komentáře objednávky pro návštěvníka"
"Order Comments","Komentář k objednávce"
"Order Credit Memos","Dobropisy objednávky"
"Order Currency:","Měna objednávky:"
"Order Date","Datum objednávky"
"Order Date (%s)","Datum objednávky (%s)"
"Order Date: ","Datum objednávky: "
"Order Date: %s","<p><strong>Datum objednávky:</strong> %s</p>"
"Order Details","Detaily objednávky"
"Order Grand Total","Objednávka celkem"
"Order History","Historie objednávky"
"Order History Info","Historie objednávky"
"Order ID","API objednávky"
"Order Information","Informace o objednávce"
"Order Invoices","Faktury objednávky"
"Order Shipments","Zásilky objednávky"
"Order State","Stav objednávky"
"Order Status","Stav objednávky"
"Order Status Information","Informace o objednávce"
"Order Statuses","Stav objednávky"
"Order Subtotal","Součet objednávky"
"Order Taxes Report Grouped by Tax Rates",""
"Order Total","Objednávka celkem"
"Order Totals","Objednávka celkem"
"Order Update","Aktualizace objednávky"
"Order Update for Guest","Aktualizace objednávky pro návštěvníka"
"Order View","Objednávky"
"Order does not allow to be canceled.","Objednávka nemá možnost být zrušena."
"Order invoice","Faktura objednávky"
"Order is suspended as its capture amount %s is suspected to be fraudulent.",""
"Order object is not specified.","Objekt objednávky není specifikován."
"Order saving error: %s","Chyba při ukládání objednávky: %s"
"Order shipments","Zásilky objednávky"
"Order status does not exist.","Aktualizace objednávky pro návštěvníka"
"Order status with the same status code already exist.","Status objednávky s tímto kódem stavu již existuje."
"Order was placed using %s","Objednávka byla umístěna s použitím %s"
"Ordered","Objednáno"
"Ordered amount of %s.","Povolené množství: %s."
"Ordering amount of %s is pending approval on gateway.","Částka %s čeká na schválení platební bránou."
"Orders","Objednávky"
"Original Price","Původní cena"
"Original order item that recurring payment profile correspondss to.",""
"PDF Credit Memos","PDF Dobropis"
"PDF Invoices","PDF Faktury"
"PDF Packingslips","PDF průvodka"
"PDF Print-outs","PDF výstup"
"PDF object is not specified.","PDF objekt není specifikován."
"PDF page object is not specified.","Stránka PDF není specifikován."
"PDF total model should extend Mage_Sales_Model_Order_Pdf_Total_Default","Pdf total model by měl rozšiřovat Mage_Sales_Model_Order_Pdf_Total_Default"
"Packingslip # ","Průvodka # "
"Paid","Zaplacený"
"Paid Amount","Zaplacené množství"
"Parent Transaction ID","ID transakce: ""%s""."
"Parent transaction ID must have a transaction ID.","Nadřazené id transakce musí mít id transakce."
"Partial","Částečně"
"Payment Failed","Neúspěšné platby"
"Payment Information","Platební údaje"
"Payment Method","Platební metoda"
"Payment Method Name","Platební metoda"
"Payment Method:","Platební metoda:"
"Payment Review","Neúspěšné platby"
"Payment disallow storing objects.","Platba zakazuje ukládání objektů."
"Payment transactions disallow storing objects.","Platební transakce nepovoluje ukládání objektů."
"Payment type","Neúspěšné platby"
"Payment update has been made.","Zrušení platby proběhlo úspěšně."
"Pending","Čekající"
"Pending Payment","Čekající platba"
"Period","Období"
"Place Order Using Billing Agreements",""
"Placed from IP","Zadaná z IP"
"Please Select Products to Add","Vyberte produkt k přidání"
"Please Select a Customer","Vyberte zákazníka"
"Please Select a Store","Vyberte obchod"
"Please define PDF object before using.","Prosím definujte PDF objekt před jeho použitím"
"Please enter positive number in this field.","Prosím vložte kladné číslo do tohoto pole."
"Please specify a valid grid column alias name that exists in grid table.",""
"Price","Cena"
"Print","Vytisknout"
"Print All","Vytisknout vše"
"Print All Invoices","Vytisknout všechny faktury"
"Print All Refunds","Vytisknout všechny platby"
"Print All Shipments","Vytisknout všechny zásilky"
"Print Credit Memos","Vytisknout dobropis"
"Print Invoice","Vytisknout fakturu"
"Print Invoices","Vytisknout fakturu"
"Print Order","Vytisknout objednávku"
"Print Order # %s","Vytisknout objednávku %s"
"Print Packingslips","Vytisknout průvodky"
"Print Refund","Vytisknout platbu"
"Print Shipment","Vytisknout zásilku"
"Processing","Zpracování"
"Product","Produkt"
"Product Name","Název produktu"
"Products","Produkty"
"Products Bestsellers Report","Sestava nejprodávanějších produktů"
"Products in Comparison List","Produkty v seznamu porovnávání"
"Profile #%s","Faktura %s"
"Profile Information","Informace o objednávce"
"Profile State","Zisk"
"Profit","Zisk"
"Promotion Coupons Usage Report","Zpráva o využití kupónů"
"Proper payment object must be set.","Platební objekt musí být nastaven."
"Purchased From","Koupeno od"
"Purchased From (Store)","Koupeno z (obchod)"
"Purchased Item","Koupeno od"
"Purchased On","Objednáno"
"Qty","Množství"
"Qty Invoiced","Fakturované množství"
"Qty Ordered","Objednané množství"
"Qty Shipped","Odeslané množství"
"Qty To Add","Množství k přidání"
"Qty to Add","Množství k přidání"
"Qty to Invoice","Množství k fakturaci"
"Qty to Refund","Množství na vrácení peněz"
"Qty to Ship","Množství položek k doručení"
"Quantity Ordered","Objednané množství"
"Quote item id is not received.","Objekt položky není specifikován."
"Quote item is not loaded.","Citovaná položka není načtena."
"Rate","Sazba"
"Recent Orders","Poslední objednávky"
"Recently Compared Products","Nedávno porovnávané produkty"
"Recently Viewed","Poslední prohlížený"
"Recently Viewed Products","Navštívené produkty"
"Recurring Profile # %s","Trvalý příkaz č. %s"
"Recurring Profile Initial Fee","Počáteční poplatek trvalého příkazu"
"Recurring Profiles","Trvalé příkazy"
"Recurring Profiles (beta)","Trvalé příkazy (beta)"
"Reference ID","Referenční ID"
"Reference ID:","Referenční ID:"
"Refresh","Obnovit"
"Refund","Splátka"
"Refund #","Platba #"
"Refund #%s","Platba # %s"
"Refund Amount","Množství splátek"
"Refund Offline","Offline splátky"
"Refund Shipping","Náhrada přepravy"
"Refund Shipping (Excl. Tax)","Náhrada přepravy"
"Refund Shipping (Incl. Tax)","Náhrada přepravy"
"Refund Totals","Splátky celkem"
"Refunded","Splacený"
"Refunded amount of %s offline.","Offline vrácené množství od: %s."
"Refunded amount of %s online.","Online vrácené množství od: %s."
"Refunds","Platby"
"Registered a Void notification.","Upozornění na registrované a zrušené."
"Registered notification about approved payment.","Zaznamenáno oznámení o přijaté částce %s."
"Registered notification about authorized amount of %s.","Zaznamenáno oznámení o povolené částce %s."
"Registered notification about captured amount of %s.","Zaznamenáno oznámení o přijaté částce %s."
"Registered notification about denied payment.","Zaznamenáno oznámení o vrácené částce %s."
"Registered notification about refunded amount of %s.","Zaznamenáno oznámení o vrácené částce %s."
"Registered update about approved payment.","Zaznamenáno oznámení o přijaté částce %s."
"Registered update about denied payment.","Zaznamenáno oznámení o vrácené částce %s."
"Regular Payment","Čekající platba"
"Related Orders","Poslední objednávky"
"Remove","Odstranit"
"Remove Coupon Code","Odstranit kupón"
"Remove tracking number","Odebrat sledovací číslo"
"Reorder","Znovu objednat"
"Retrieve invoice info","Načíst informace o faktuře"
"Retrieve invoice information","Získat informace o faktuře"
"Retrieve list of invoices by filters","Získat filtrovaný seznam faktur"
"Retrieve list of orders by filters","Získat filtrovaný seznam objednávek"
"Retrieve list of shipments by filters","Získat filtrovaný seznam zásilek"
"Retrieve order information","Získat informace o objednávce"
"Retrieve orders info","Načíst informace o objednávce"
"Retrieve shipment info","Načíst informace o zásilce"
"Retrieve shipment information","Získat informace o zásilce"
"Return to Stock","Vrátit na sklad"
"Returned","Vrácené"
"Revenue","Odstranit"
"Row Subtotal","Součet řádek"
"Row Total","Celkem řádek"
"SHIP TO:","POSLAT NA:"
"SKU","SKU"
"SOLD TO:","PRODAT:"
"Sales","Prodeje"
"Sales Discount","Sleva"
"Sales Emails","Emaily prodeje"
"Sales Emails Section","Emaily prodeje"
"Sales Invoice Print View","Zobrazení faktury pro tisk"
"Sales Items","Emaily prodeje"
"Sales Order Print View","Zobrazit objednávky pro tisk"
"Sales Section","Prodeje"
"Sales Shipment Print View","Zobrazení zásilky pro tisk"
"Sales Shipping","Přeprava"
"Sales Tax","Prodeje"
"Sales Total","Emaily prodeje"
"Same As Billing Address","Stejná jako fakturační adresa"
"Save Order Address","Uložit v adresáři"
"Save Status","Nový stav"
"Save Status Assignment","Uložit přiřazený stav"
"Save in address book","Uložit v adresáři"
"Schedule","Plán"
"Select from existing customer addresses:","Vybrat z existujících zákaznických adres"
"Send Credit Memo Comment Email Copy To","Odeslat kopii komentáře dobropisu na email"
"Send Credit Memo Email Copy To","Odeslat kopii dobropisu na email"
"Send Email","Odeslat email"
"Send Invoice Comment Email Copy To","Poslat kopii komentáře k faktuře na email"
"Send Invoice Email Copy To","Poslat kopii faktury na email"
"Send Order Comment Email Copy To","Poslat kopii komentáře objednávky na email"
"Send Order Email","Poslat kopii objednávky na email"
"Send Order Email Copy Method","Poslat kopii objednávky jako"
"Send Order Email Copy To","Poslat kopii objednávky na email"
"Send Sales Emails","Odeslat prodejní emaily"
"Send Shipment Comment Email Copy To","Poslat kopii komentáře zásilky na email"
"Send Shipment Email Copy To","Poslat kopii zásilky na email"
"Send Tracking Information","Poslat sledovací informace"
"Set order for existing transactions not allowed","Tato operace vyžaduje existující transakční objekt."
"Ship","Doručit"
"Ship To","Poslat na"
"Ship to Name","Zásilka na jméno"
"Shipment","Zásilka"
"Shipment #","Zásilka"
"Shipment #%1$s | %3$s (%2$s)","Zásilka číslo: %s (%s)"
"Shipment #%s","Zásilka #%s"
"Shipment Comment Email Sender","Odesílatel emailu komentáře k zásilce"
"Shipment Comment Email Template","Šablona emailu komentáře k zásilce"
"Shipment Comment Email Template for Guest","Šablona emailu komentáře k zásilce pro návštěvníka"
"Shipment Comments","Komentář k zásilce"
"Shipment Email Sender","Odesílatel zásilkového emailu"
"Shipment Email Template","Šablona emailu zásilky"
"Shipment Email Template for Guest","Šablona emailu zásilky pro návštěvníka"
"Shipment Update","Aktualizace zásilky"
"Shipment Update for Guest","Aktualizace zásilky pro návštěvníka"
"Shipments","Zásilky"
"Shipped","Odesláno"
"Shipped By","Posláno"
"Shipping","Přeprava"
"Shipping & Handling","Poštovné a balné"
"Shipping &amp; Handling","Poštovné a balné"
"Shipping &amp; Handling Information","Informace o poštovném a balném"
"Shipping Address","Dodací adresa"
"Shipping Amount","Množství k dodání"
"Shipping Information","Dodací údaje"
"Shipping Method","Způsob dodání"
"Shipping Method:","Způsob dopravy:"
"Shipping Refund","Platby za doručení"
"Shipping and Tracking Information","Informace a sledování zásilky"
"Shopping Cart","Nákupní košík"
"Signed Up From","Odbírat od"
"Sku","Sku"
"Some of the products below do not have all the required options. Please edit them and configure all the required options.","Některý z následujících produktů neobsahuje všechny požadované vlastnosti. Prosím odeberte ho a přidejte znovu se všemi požadovanými parametry."
"Sorry, no quotes are available for this order at this time.","Litujeme, pro tuto objednávku nyní nejsou k dispozici žádné nabídky."
"Source object is not specified.","Zdrojový objekt není specifikován."
"Specified profile does not exist.","Vybraný profil neexistuje."
"State Code [State Title]","Kód stavu [Nadpis stavu]"
"State/Province","Stát/provincie"
"Status","Stav"
"Status Code","Stav"
"Status Label","Stav"
"Status:","Stav"
"Store Credit","Kredit obchodu"
"Store View Specific Labels","Specifické popisy pro obchod"
"Street Address","Adresa"
"Submit Comment","Odeslat Komentář"
"Submit Credit Memo","Odeslat dobropis"
"Submit Invoice","Vytisknout fakturu"
"Submit Invoice and Shipment","Odeslat zásilku"
"Submit Order","Odeslat objednávku"
"Submit Shipment","Odeslat zásilku"
"Subscribe to Newsletter","Odebírat zpravodaj"
"Subscribe to Order Status","Odebírat stav objednávky"
"Subtotal","Součet"
"Subtotal after discount.","Celkem po slevě"
"Subtotal:","Součet:"
"Suspected Fraud","Podezření na podvod"
"Suspend","Pozastavit"
"Suspended","Zastaveno"
"Tax","DPH"
"Tax Amount","Daň v Kč"
"Tax Percent","Daň v procentech"
"Telephone","Telefon"
"The Order State ""%s"" must not be set manually.","Stav objednávky ""%s"" nesmí být nastaven ručně."
"The address total model should be extended from Mage_Sales_Model_Quote_Address_Total_Abstract.","Adress total model by měl být rozšířen z Mage_Sales_Model_Quote_Address_Total_Abstract"
"The billing agreement ""%s"" has been canceled.","Platební podmínky ""%s"" byly zrušeny."
"The billing agreement ""%s"" has been created.","Platební podmínky ""%s"" byly vytvořeny."
"The coupon code has been accepted.","Kód kupónu akceptován."
"The message has been sent.","Zpráva odeslána."
"The message was sent.","Zpráva byla úspěšně odeslána"
"The order address has been updated.","Adresa objednávky byla aktualizována."
"The order email has been sent.","Email s objednávkou byl úspěšně odeslán."
"The order has been cancelled.","Objednávka nebyla zrušena."
"The order has been created.","Objednávka byla úspěšně vytvořena"
"The order has been put on hold.","Objednávka nemůže být pozdržena."
"The order has been released from holding status.","Objednávka číslo %s nemůže být dokončena z pozdrženého stavu"
"The order has not been cancelled.","Objednávka nebyla zrušena."
"The order status has been assigned.","Stav objednávky byl přiřazen."
"The order status has been saved.","Stav objednávky byl uložen."
"The order status has been unassigned.","Stav objednávky byl odebrán."
"The order was not put on hold.","Objednávka nemůže být pozdržena."
"The order was not unheld.","Objednávka nebyla odblokována."
"The order was placed using %s","Objednávka byla umístěna s použitím %s"
"The order(s) cannot be canceled","Objednávka číslo %s nemůže být zrušena"
"The payment has been accepted.","Platba byla přijata."
"The payment has been denied.","Zrušení platby proběhlo úspěšně."
"The payment has been voided.","Zrušení platby proběhlo úspěšně."
"The profile has been updated.","Profil byl aktualizován."
"The profile has no changes.","Profil beze změn."
"The profile state has been updated.","Stav profilu byl aktualizován."
"The requested Payment Method is not available.","Požadovaná platební metoda není povolená"
"The transaction ""%s"" (%s) is already closed.","Transakce ""%s"" (%s) je již uzavřena."
"The transaction ""%s"" cannot be captured yet.","Transakce ""%s"" (%s) je již uzavřena."
"There are no billing agreements yet.",""
"There are no printable documents related to selected orders.","Žádné dokumenty k vytištění pro vybrané objednávky"
"There is no need to approve this payment.","Není potřeba schválit tuto platbu."
"There is no need to deny this payment.","Platbu se nepodařilo zrušit."
"There is no update for the payment.","Není žádná aktualizace pro tuto platbu."
"This message will be shown in shopping cart when subtotal after discount less than minimum amount.","Tato zpráva se zobrazí v nákupním košíku pokud celková cena po slevě bude nižší než minimální částka"
"This operation requires an existing transaction object.","Tato operace vyžaduje existující transakční objekt."
"This order contains (%s) items and therefore cannot be edited through the admin interface at this time, if you wish to continue editing the (%s) items will be removed, the order will be canceled and a new order will be placed.","Tato objednávka obsahuje položky (%s), které nelze nyní upravovat. Pokud chcete pokračovat v úpravě, položky (%s) budou odebrány, objednávka bude zrušena a nová objednávka bude vytvořena."
"This order no longer exists.","Objednávka již neexistuje."
"This product does not have any configurable options.","Tento produkt nemá žádné možnosti nastavení."
"This product has not been configured.","Tento produkt nebyl nakonfigurován."
"This profile state cannot be changed to ""%s"".","Stav tohoto profilu nemůže být změněn na ""%s""."
"This will create an offline refund. To create an online refund, open an invoice and create credit memo for it. Do you wish to proceed?","Tímto vytvoříte offline dobropis. Pro vytvoření online dobropisu otevřete faktury a vytvořte dobropis. Chcete pokračovat?"
"Tier Pricing","Množstevní sleva"
"Title","Nadpis"
"To","Pro"
"To Name","Pro jméno"
"To:","Pro:"
"Total","Celkem"
"Total %d product(s)","Celkem produktů: %d"
"Total (ex)","Celkem(ex)"
"Total (inc)","Celkem(inc)"
"Total Due","Odměna celkem"
"Total Invoiced","Fakturované množství"
"Total Invoiced Paid","Zaplaceno celkem"
"Total Invoiced VS Paid Report","Fakturováno vs zaplaceno"
"Total Invoiced not Paid","Zobrazení faktury pro tisk"
"Total Ordered Report","Celkem objednáno"
"Total Paid","Zaplaceno celkem"
"Total Qty","Celkové množství"
"Total Refund","Celkem zaplatit"
"Total Refunded","Celkem zaplaceno"
"Total Refunded Report","Celkem zaplaceno"
"Total Sales Shipping","Celkové náklady na dopravu"
"Total Shipped Report","Celkové náklady na dopravu"
"Total Shipping","Celkové náklady na dopravu"
"Total Shipping Charges","Celkové náklady na dopravu"
"Total Tax","Celkem daň"
"Track Order","Sledovat objednávku"
"Track all shipment(s)","Sledovat všechny zásilky"
"Track all shipments","Sledovat všechny zásilky"
"Track this shipment","Sledovat zásilku"
"Track your order","Sledovat Vaší objednávku"
"Tracking","Sledovat"
"Tracking Number","Sledovat číslo"
"Tracking Number(s):","Sledovací číslo:"
"Transaction ""%s"" was already processed.","Transakce ""%s"" byla již zpracována."
"Transaction ID","ID transakce: ""%s""."
"Transaction ID must not be empty.","ID transakce nesmí být prázdné."
"Transaction ID: ""%s"".","ID transakce: ""%s""."
"Transaction Type","Typ transakce"
"Transactions","Transakce"
"Trial ","Částečně"
"Trial Payment","Čekající platba"
"Trial Period","Období"
"Trial period payment","Platební období"
"Unassign","Odebrat"
"Unhold","Pustit"
"Unhold action is not available.","Akce podržet není dostupná"
"Unhold order","Pustit objednávku"
"Unknown State","Neznámý stav"
"Unknown Status","Neznámý stav"
"Unsupported transaction type ""%s"".","Nepodporovaný typ transakce ""%s""."
"Update Changes","Aktualizovat změny"
"Update Items and Qty's","Aktualizovat položky a množství"
"Update Qty's","Aktualizovat množství"
"Updated At","Vytvořeno v"
"Updated:","Aktualizace objednávky"
"Use Aggregated Data (beta)","Použít sloučená data (beta)"
"Use Order Status As Default","Stav objednávky"
"Use predefined message","Načíst uloženou zprávu"
"Validate Each Address Separately in Multi-address Checkout","Ověřit jednotlivé adresy samostatně v případě doručení na více adres"
"Value","Prodeje"
"View","Zobrazit"
"View All","Zobrazit všechny"
"View Order","Zobrazit objednávku"
"Visible on Frontend","Viditelný v obchodě"
"Void","Prázdný"
"Void invoice","Vynulovat fakturu"
"Voided authorization.","Autorizace zrušena."
"Website","Webové stránky"
"Whether buyer can define the date when billing for the profile begins.","Zda kupující může určit datum, kdy účtování začne."
"Wishlist","Seznam přání"
"Wrong billing agreement ID specified.","Uvedeno špatné ID platebních podmínek."
"Wrong quote item id to update configuration.",""
"Wrong state: ""%s"".","ID transakce: ""%s""."
"Yes","Ano"
"You can leave a box blank if you don't wish to add a gift message for whole order","Ponechte tento box prázdný, pokud nechcete přidat k objednávce přání"
"You have placed no orders.","Nemáte žádné objednávky."
"You will be redirected to the payment system website.","Budete přesměrováni na stránky platebního systému."
"Your credit card will be charged for","Z Vaší platební karty bude odečteno"
"ZIP/Post Code","PSČ"
"Zip/Postal Code","PSČ"
"the credit memo email is not sent","Email dobropisu nebyl odeslán"
"the credit memo email was sent","Email dobropisu odeslán"
"the invoice email is not sent","Email faktury nebyl odeslán"
"the invoice email was sent","Email faktury odeslán"
"the order confirmation email is not sent","Odesilatel potvrzujícího emailu "
"the order confirmation email was sent","Odesilatel potvrzujícího emailu "
"the shipment email is not sent","Email zásilky nebyl odeslán"
"the shipment email was sent","Email zásilky byl odeslán"
" The customer doesn't exist in the system anymore","Zákazník již v systému neexistuje"
"%s order(s) successfully canceled","%s objednávka byla úspěšně zrušena."
"%s order(s) successfully put on hold","%s objednávka byla úspěšně pozdržena."
"%s order(s) successfully released from holding status","Objednávek úspěšně převedených ze stavu pozdrženo: %s"
"Add Gift Messsage","Přidat přání k dárku"
"Add a gift message for <strong>each gift item</strong>","Přidat přání ke <strong>každé položce dárku</strong>"
"Add a gift message for the <strong>entire order</strong>","Přidat přání k <strong>celé objednávce</strong>"
"Bill to First name","Účet na jméno"
"Bill to Last name","Účet na příjmení"
"Change Status","Změnit stav"
"Credit Memo...","Dobropis..."
"Date of Birth","Datum narození"
"Discounts","Slevy"
"Document","Doklad"
"Edit Gift Messsage","Upravit přání"
"Gift","Dárek"
"Invoice...","Faktura..."
"Item options declare error","Možnosti položky uznat chybu"
"Order comment messages","Komentáře objednávek"
"Order does not allow to create an invoice.","Objednávka nemá dovoleno vytvořit fakturu."
"Order was successfully cancelled.","Objednávka byla úspěšně zrušena."
"Order was successfully put on hold.","Objednávka byla úspěšně pozdržena."
"Order was successfully released from holding status.","Objednávka byla úspěšně vyřízena ze stavu pozdržena."
"Order(s) can not be canceled","Objednávka nemůže být zrušena"
"Processing data problem","Problém při zpracování dat"
"QTY","Množství"
"Reorder...","Znovu objednat..."
"Save and Close Message","Uložit a zavřít zprávu"
"Ship to First name","Doručit na jméno"
"Ship to Last name","Doručit na příjmení"
"Ship...","Doručit..."
"#~ ""Some items have quantities exceeding allowed quantities. Please select a ""#~ ""lower quantity to checkout.""","#~ ""Některé položky překračují povolené množství. Vyberte nižší množství pro ""#~ ""pokračování."""
"TAX/VAT Number","DIČ"
"The item %s (SKU %s) doesn't exist in the catalog anymore","Položka %s (SKU %s) již nadále v katalogu neexistuje"
"separate by "",""","oddělené "","""
"Weight","Váha"
"New comment message","Nový komentář"