" The customer does not exist in the system anymore.","Zákazník již v systému neexistuje."
" [deleted]","[smazáno]"
" and "," a "
" note that the URLs provided below are the correct values for your current website): ","Všimněte si, že URL uvedené níže jsou správné hodnoty pro Vaši aktuální webovou stránku."
"%s (Default Template from Locale)","%s (Výchozí šablona z překladu)"
"%s cache type(s) disabled.","%s vyrovnávací paměť vypnuta."
"%s cache type(s) enabled.","%s vyrovnávací paměť povolena."
"%s cache type(s) refreshed.","%s vyrovnávací paměti obnoveny."
"(Absolute path or Relative to Magento install root, ex. var/export)","(Absolutní nebo realativní cesta k Magento kořenové instalaci, např. var/export)"
"(For US 2-letter state names)","(Pro USA 2-znakové jméno státu)"
"(If left empty will be auto-generated)","(Pokud ponecháte prázdné bude vygenerován automaticky)"
"(Leave empty for first spreadsheet)","(Ponechte prázdné pro první sešit)"
"(Products will be added/updated to this store if 'store' column is blank or missing in the import file.)","(Produkt bude přidán/upraven do tohoto obchodu, pokud je sloupec prázdný nebo chybí v importním souboru.)"
"(Shift-)Click or drag to change value","(Shift-) Klik nebo tažením změníte hodnotu"
"(Starting with)","(počínaje)"
"(When 'No', only mapped fields will be imported. When mapping, use 'column1', 'column2', etc.)","(Pokud 'Ne', budou importovány pouze přiřazená pole. Pokud přiřazujete pole použijte 'sloupec1', 'sloupec2', atd.)"
"(You have to increase php memory_limit before changing this value)","(Musíte zvednout php memory_limit než změníte tuto hodnotu)"
"(\\t for tab)","(\\t pro tabelátor)"
"* - If indexing is in progress, it will be killed and new indexing process will start.","* - když probíhá indexování, bude ukončeno a nové indexování se spustí."
"- Click on any of the time parts to increase it","- Kliknutím na některou z částí se její počet zvýší"
"- Hold mouse button on any of the above buttons for faster selection.","- Držte tlačítko myši nad některým z výše uvedených tlačítek pro rychlejší výběr."
"- Use the %s buttons to select month","- Použijte %s pro výběr měsíce"
"- Use the %s, %s buttons to select year","- Použijte %s, %s pro výběr roku"
"- or Shift-click to decrease it","- nebo Shift-klik pro snížení"
"- or click and drag for faster selection.","- nebo klik a tažení pro rychlé označení."
"-- Not Selected --","-- Nevybráno --"
"-- Please Select --","-- Prosím vyberte --"
"-- Please Select Billing Agreement--","-- Prosím vyberte platební podmínky --"
"-- Please Select a Category --","-- Vyberte kategorii --"
"-- Please select --","-- Prosím vyberte --"
"--Please Select--","-- Prosím vyberte --"
"1 Hour","1 hodina"
"10:40 AM","10:40"
"12 Hours","12 hodin"
"12h AM/PM","12h"
"2 Hours","2 hodiny"
"24 Hours","24 hodin"
"24h","24h"
"2YTD","za rok"
"6 Hours","6 hodin"
"80px x 80px","80px x 80px"
"80x80 px","80x80 px"
"<h1 class=""page-heading"">404 Error</h1><p>Page not found.</p>","<h1 class=""page-heading"">404 Error</h1><p>Stránka nenalezena.</p>"
"A new password was sent to your email address. Please check your email and click Back to Login.","Nové heslo bylo odesláno na Vaší emailovou adresu. Prosím zkontrolujte svůj email a klikněte zpět na přihlášení."
"A user with the same user name or email aleady exists.","Uživatel se stejným jménem nebo emailem už existuje."
"API Key","Klíč API"
"API Key Confirmation","Potvrzení klíče API"
"Abandoned Carts","Opuštěné košíky"
"About the calendar","O kalendáři"
"Access Denied","Přístup zamítnut"
"Access denied","Přístup zamítnut"
"Access denied.","Přístup zamítnut."
"Account Created in:","Účet vytvořen v:"
"Account Created on (%s):","Účet vytvořen v (%s):"
"Account Created on:","Účet vytvořen v:"
"Account Information","Informace o účtu"
"Account Status","Stav účtu"
"Account status","Stav účtu"
"Action","Událost"
"Actions","Akce"
"Actions XML","Události XML"
"Activate","Aktivovat"
"Active","Aktivní"
"Add","Přidat"
"Add Contents Path","Přidat obsah Cesta"
"Add Exception","Přidat výjimku"
"Add Field Mapping","Přidejte pole mapování"
"Add Field with URL:","Přidat pole s URL:"
"Add More Templates","Přidat více šablon"
"Add New Image","Přidat nový obrázek"
"Add New Profile","Přidat nový profil"
"Add New Role","Přidat novou roli"
"Add New Template","Přidat novou šablonu"
"Add New URL Rewrite","Přidat nový přepis url"
"Add New User","Přidat nového uživatele"
"Add New Variable","Přidat novou proměnnou"
"Add New osCommerce Profile","Přidat nový osCommerce profil"
"Add PHP Extension dependency","Přidat závislosti PHP rozšíření"
"Add Package dependency","Přidat závislosti balíčků"
"Add URL Rewrite","Přidat url alias"
"Add URL Rewrite for a Category","Přidat url alias pro kategorii"
"Add URL Rewrite for a Product","Přidat url alias pro produkt"
"Add after","Přidat za"
"Add to Cart","Do košíku"
"Add to Wishlist","Přidat do seznamu přání"
"Additional Cache Management","Pokročilá správa Cache"
"Address Type:","Typ adresy:"
"Admin","Admin"
"Advanced Admin Section","Pokročilé nastavení administrace"
"Advanced Profiles","Rozšířený profil"
"Advanced Section","Rozšířené"
"AirMail Template Preview","Náhled šablony AirMail"
"All","Vše"
"All Allowed Countries","Všechny dovolené země"
"All Cache","Všechnu cache"
"All Files","Všechny soubory"
"All Reviews","Všechny recenze"
"All Store Views","Pohled na všechny obchody"
"All Tags","Všechny štítky"
"All Websites","Všechny weby"
"All countries","Všechny země"
"All fields","Všechny pole"
"All possible rates were fetched, please click on ""Save"" to apply","Všechny možné sazby byly načteny, kliknutím na ""Uložit"" se aplikují"
"All rates were fetched, please click on ""Save"" to apply","Všechny sazby byly načteny, klikněte na ""Uložit"" pro použití"
"All valid rates have been saved.","Všechny platné sazby byly uloženy."
"Amounts","Množství"
"An error has occured while syncronizing media storages.","Během synchronizace úložiště médií se vyskytla chyba."
"An error occurred while clearing the JavaScript/CSS cache.","Chyba při čištění vyrovnávací paměti JavaScript/CSS."
"An error occurred while clearing the image cache.","Chyba při čištění vyrovnávací paměti obrázků."
"An error occurred while creating the backup.","Při zálohování nastala neočekávaná chyba."
"An error occurred while deleting email template data. Please review log and try again.","Chyba při mazání dat emailové šablony. Prosím prohlédněte si logy a zkuste to znovu."
"An error occurred while deleting this role.","Chyba při mazání této role."
"An error occurred while deleting this set.","Chyba při mazání této množiny."
"An error occurred while deleting this template.","Chyba při mazání této šablony."
"An error occurred while finishing process. Please refresh the cache","Chyba při dokončování procesu. Prosím obnovte cache"
"An error occurred while rebuilding the CatalogInventory Stock Status.","Chyba při přegenerovávání stavu skladu."
"An error occurred while rebuilding the catalog index.","Chyba při přegenerovávání katalogového indexu."
"An error occurred while rebuilding the flat catalog category.","Chyba při přegenerovávání flat katalogu kategorií."
"An error occurred while rebuilding the flat product catalog.","Chyba při přegenerovávání flat katalogu produktů."
"An error occurred while rebuilding the search index.","Chyba při přegenerovávání vyhledávacího indexu."
"An error occurred while refreshing the Catalog Rewrites.","Chyba při obnovování katalogových url."
"An error occurred while refreshing the Layered Navigation indices.","Chyba při obnovování rejstříku navigace."
"An error occurred while refreshing the catalog rewrites.","Chyba při obnově přepisu katalogových URL."
"An error occurred while refreshing the layered navigation indices.","Chyba při obnovování rejstříku navigace."
"An error occurred while saving account.","Chyba při ukládání účtu."
"An error occurred while saving the customer.","Chyba při ukládání zákazníka."
"An error occurred while saving this configuration:","Chyba při ukládání tohoto nastavení:"
"An error occurred while saving this role.","Chyba při ukládání role. "
"An error occurred while saving this template.","Chyba při ukládání této šablony."
"An error occurred while updating the selected review(s).","Chyba při aktualizování vybraných recenzí."
"Any","Vše"
"Any Attribute Set","Libovolná množina atributů"
"Any Group","Libovolná skupina"
"Any Status","Libovolný stav"
"Any Store","Libovolný obchod"
"Any Type","Libovolný typ"
"Any Visibility","Libovolná viditelnost"
"Apply Theme","Použít téma"
"Apply MAP","Aplikovat MAP"
"Archive file name:","Jméno zálohy:"
"Are you sure that you want to delete this template?","Jste si jisti, že chcete smazat tuto šablonu?"
"Are you sure that you want to strip tags?","Jste si jisti, že chcete odstranit štítky?"
"Are you sure you want to do this?","Jste si jisti, že to chcete udělat?"
"Area","Pole"
"As low as:","Méně než:"
"Assigned","Přiřazený"
"Associated Tags","Přidané štítky"
"Attribute Set Name:","Název množiny vlastností:"
"Attributes","Vlastnosti"
"Authors","Autoři"
"Automatic","Automaticky"
"Available Product Listing Sort By","Povolené možnosti řazení produktů"
"Available Products","Dostupné produkty"
"Average Order Amount","Průměrná hodnota objednávky"
"Average Orders","Průměrná hodnota objednávky"
"Back","Zpět"
"Back to Login","Zpět na přihlášení"
"Backup","Záloha"
"Backup record was deleted.","Záloha záznamu byla smazána."
"Backups","Zálohy"
"Base currency","Základní měna"
"Base Image","Hlavní obrázek"
"Bcc","Kopie"
"Bestsellers","Nejprodávanější"
"Big Image","Velký obrázek"
"Billing Address","Fakturační adresa"
"Billing Address: ","Fakturační adresa: "
"Billing Agreement","Platební podmínky"
"Billing Agreements","Platební podmínky"
"Block Information","Informace o bloku"
"Both (without and with tax)","Obě (s a bez daní)"
"Both IPN and PDT","Oba IPN a PDT"
"Browse Files...","Procházet soubory..."
"Bundle Items","Položky balení"
"Bundle with dynamic pricing cannot include custom defined options. Options will not be saved.","Balení s dynamickou cenou nesmí obsahovat vlastní definované možnosti. Nastavení nebylo uloženo."
"CMS","CMS"
"CRITICAL","KRITICKÁ"
"CSV","CSV"
"CSV / Tab separated","CSV / Oddělená tabulka"
"Cache Control","Nastavení Cache"
"Cache Control (beta)","Ovládání cache (beta)"
"Cache Management","Správa Cache"
"Cache Type","Typ cache"
"Cancel","Zrušit"
"Cancel URL: ","Zrušit URL: "
"Cannot add new comment.","Nelze přidat nový komentář."
"Cannot add tracking number.","Nelze přidat sledovací číslo."
"Cannot create an invoice without products.","Nelze vytvořit fakturu bez produktů."
"Cannot create credit memo for the order.","Nelze vytvořit dobropis pro objednávku."
"Cannot delete the design change.","Nelze smazat změny v zobrazení."
"Cannot delete tracking number.","Nelze smazat sledovací číslo."
"Cannot do shipment for the order separately from invoice.","Nelze zaslat odděleně od faktury."
"Cannot do shipment for the order.","Nelze vyrobit zásilku pro objednávku."
"Cannot find the email address.","Nelze najít emailovou adresu."
"Cannot initialize shipment for adding tracking number.","Nelze inicializovat zásilku pro zadané sledovací číslo."
"Cannot initialize shipment for delete tracking number.","Nelze inicializovat zásilku pro smazání sledovacího čísla."
"Cannot load track with retrieving identifier.","Nelze načíst sledování zásilky se zadaným identifikátorem."
"Cannot retrieve tracking number detail.","Nelze získat podrobnosti ke sledování zakázky."
"Cannot save shipment.","Nelze uložit zásilku."
"Cannot save the credit memo.","Dobropis nelze uložit."
"Cannot send shipment information.","Nelze zaslat informace o zásilce."
"Cannot update item quantity.","Nelze upravit množství položky."
"Cannot update the item's quantity.","Nelze upravit množství položky."
"Card Verification Number","Ověřovací číslo karty (CCV)"
"Carrier","Přepravce"
"Catalog","Katalog"
"Catalog Price Rules","Pravidla cen pro katalog"
"Catalog Rewrites","Přepis katalogových url"
"Categories","Kategorie"
"Category:","Kategorie:"
"Chairs","Židle"
"Change Orientation","Změnit orientaci"
"Channel","Kanál"
"Chart is disabled. If you want to enable chart, click <a href=""%s"">here</a>.","Graf je vypnutý.Pokud chcete zobrazování grafu zapnout, <a href=""%s"">klikněte zde</a>."
"Checkbox","zaškrtávací políčko"
"Child Transactions","Podtransakce"
"Choose Store View","Vyberte pohled na obchod"
"Choose Store View:","Vyberte pohled na obchod:"
"Choose a selection...","Zvolte možnost..."
"Choose an attribute","Vyberte vlastnost"
"Chosen category does not associated with any website, ","Zvolená kategorie není přiřazena k žádné webové stránce,"
"Chosen product does not associated with any website, ","Vybraný produkt není přiřazen k žádné webové stránce,"
"Clear","Vymazat"
"Close","Zavřít"
"CMS Block","CMS Blok"
"Comment text field cannot be empty.","Pole komentáře nesmí být prázdné."
"Comments History","Historie komentářů"
"Complete","Hotovo"
"Configuration","Nastavení"
"Confirmed email:","Potvrzující email:"
"Connect with the Magento Community","Spojení s komunitou Magento"
"Contents","Obsah"
"Continue","Pokračovat"
"Convert to Plain Text","Převést na prostý text"
"Cookie (unsafe)","Cookie (nebezpečné)"
"Country","Země"
"Country:","Země:"
"Country of Manufacture","Země původu"
"Coupons","Kupóny"
"Create","Vytvořit"
"Create DB Backup","Vytvořit zálohu DB"
"Create New Attribute","Vytvořit nový atribut"
"Create URL Rewrite:","Vytvořit url alias:"
"Created At","Vytvořeno v"
"Credit Card %s","Platební karta: %s"
"Credit Card Number","Číslo platební karty"
"Credit Card Number: xxxx-%s","Číslo platební karty: xxxx-%s"
"Credit Card Type","Typ platební karty"
"Credit Card Type: %s","Typ platební karty: %s"
"Credit Memo History","Historie dobropisu"
"Credit Memo Totals","Dobropisy celkem"
"Credit Memos","Dobropisy"
"Credit memo #%s comment added","Přidán komentář k dobropisu %s"
"Credit memo #%s created","Vytvořen dobropis #%s"
"Credit memo's total must be positive.","Hodnota dobropisu musí být kladná."
"Currency","Měna"
"Currency Information","Informace o měně"
"Currency Setup Section","Nastavení měny"
"Current Configuration Scope:","Aktuální rozsah nastavení:"
"Current Month","Aktuální měsíc"
"Custom","Uživatelský"
"Custom Colors","Vlastní barvy"
"Custom Variable ""%s""","Vlastní proměnná ""%s"""
"Custom Variables","Vlastní proměnné"
"Customer","Zákazník"
"Customer Group:","Skupina zákazníků:"
"Customer Groups","Skupiny zákazníků"
"Customer Name","Jméno zákazníka"
"Customer Reviews","Zákaznické recenze"
"Customer Shopping Carts","Nákupní košík"
"Customer Since:","Zákazníkem od:"
"Customer Tax Classes","Daňová třída zákazníka"
"Customer with the same email already exists.","Zákazník s tímto emailem již existuje."
"Customers","Zákazníci"
"Customers by Number of Orders","Zákazníci dle počtu objednávek"
"Customers by Orders Total","Zákazníci podle hodnoty objednávek"
"DHTML Date/Time Selector","DHTML Date/Time Selector"
"Dashboard","Nástěnka"
"Data Format","Formát dat"
"Data transfer:","Přenos dat:"
"Database","Databáze"
"Dataflow - Advance Profiles","Dataflow - Rozšířený profil"
"Dataflow - Advanced Profiles","Dataflow - Rozšířený profil"
"Dataflow - Profiles","Dataflow - Profily"
"Date","Datum"
"Date & Time","Datum a Čas"
"Date Added","Datum přidání"
"Date Updated","Datum upraveno"
"Date selection:","Smazat výběr:"
"Date selector","Výběr data"
"Day","Den"
"Decimal separator:","Oddělovač desetin:"
"Default (Admin) Values","Výchozí (Admin) hodnota"
"Default Billing Address","Výchozí fakturační adresa"
"Default Config","Výchozí nastavení"
"Default Product Listing Sort By","Výchozí řazení produktů"
"Default Template from Locale","Výchozí šablona z překladu"
"Default Values","Výchozí hodnota"
"Default display currency ""%s"" is not available in allowed currencies.","Výchozí zobrazovaná měna ""%s"" není mezi povolenými měnami."
"Default scope","Výchozí rozsah"
"Delete","Smazat"
"Delete order","Smazat objednávku"
"Delete %s","Smazat %s"
"Delete %s '%s'","Smazat %s '%s'"
"Delete File","Smazat soubor"
"Delete Image","Smazat obrázek"
"Delete Profile","Smazat profil"
"Delete Role","Smazat roli"
"Delete Store","Smazat obchod"
"Delete Store View","Smazat pohled na obchod"
"Delete Template","Smazat šablonu"
"Delete User","Smazat uživatele"
"Delete Website","Smazat webové stránky"
"Description","Popis"
"Design","Vzhled"
"Design Section","Vzhled"
"Details","Podrobnosti"
"Developer Section","Vývoj"
"Direction:","Směr:"
"Disable","Zakázat"
"Disabled","Neaktivní"
"Display %s first","Zobrazit prvních %s"
"Display Actual Price","Zobrazit aktuální cenu"
"Display default currency","Zobrazit výchozí měnu"
"Display Mode","Režim zobrazení"
"Display Settings","Nastavení zobrazení"
"Distributed under GNU LGPL. See %s for details.","Distribuováno pod GNU LGPL. Pro detaily se podívejte na %s."
"Do not enable AVS or CSC options.  The do not work when using Payflow Link Silent Mode.","Nepovolujte možnosti AVS nebo CSC. Nefungují při použití Payflow Link Silent Mode."
"Do not set any fields in the Billing and Shipping Information block as editable in your Payflow accout.","Nenastavujte žádné pole ve fakturačním a dodacím informačním bloku jako upravitelné ve Vašem účtu Payflow."
"Do you really want to KILL parallel process and start new indexing process?","Opravdu chcete přerušit paralelní proces a spustit nové indexování?"
"Download","Stáhnout"
"Downloads","Stáhnout"
"Drag to move","Uchopit pro přesun"
"Drop-down","rozbalovací seznam"
"Edit","Upravit"
"Edit Design Change","Upravit změnu vzhledu"
"Edit Email Template","Upravit šablonu emailu"
"Edit Filter","Upravit filtr"
"Edit Poll","Upravit anketu"
"Edit Queue","Upravit frontu"
"Edit Review","Upravit recenzi"
"Edit Role","Upravit roli"
"Edit Store View","Upravit pohled na obchod"
"Edit System Template","Upravit systémovou šablonu"
"Edit Template","Upravit šablonu"
"Edit URL Rewrite","Upravit url alias"
"Edit User","Upravit uživatele"
"Edit User '%s'","Upravit uživatele '%s'"
"Edit Website","Upravit webové stránky"
"Email","E-mail"
"Email Address:","Emailová adresa:"
"Email Preview","Náhled emailu"
"Email to a Friend","Poslat známému"
"Email:","Email:"
"Enable","Povolit"
"Enable Secure Token:","Povolit bezpečné tokeny:"
"Enabled","Aktivní"
"Enclose Values In:","Hodnoty uzavřeny v:"
"Entity Attributes","Vlastnosti objektu"
"Entity Type","Typ entity"
"Entity type:","Typ entity:"
"Excel XML","Excel XML"
"Excl. Tax","Bez daně"
"Expiration Date","Datum platnosti"
"Expiration Date: %s/%s","Datum expirace: %s/%s"
"Export","Export"
"Export CSV","Export CSV"
"Export FAQ","Exportovat Často kladené dotazy"
"Export Filters","Filtry exportu"
"Export to:","Export do:"
"Export:","Export:"
"Extension","Rozšíření"
"Extensions","Rozšíření"
"FILTERS APPLIED","FILTRY APIKOVÁNY"
"FTP Host[:Port]","Server FTP [:Port]"
"Failed to add a product to cart by id ""%s"".","Chyba při přidávání produktu do košíku s id ""%s""."
"Failed to cancel the billing agreement.","Nepodařilo se zrušit platební podmínky."
"Failed to clear the JavaScript/CSS cache.","Chyba při čištění vyrovnávací paměti JavaScript/CSS."
"Failed to delete the billing agreement.","Nepodařilo se smazat platební podmínky."
"Failed to update the profile.","Chyba při aktualizaci profilu."
"Field","Pole"
"Field Mapping","Přiřazení pole"
"File","Soubor"
"File Information","Informace o souboru"
"File System","Souborový systém"
"File name:","Jméno souboru:"
"File size should be more than 0 bytes","Velikost souboru musí být větší než 0 bytů."
"Files","Soubory"
"Final Price","Konečná cena"
"Finished profile execution.","Profil dokončen."
"First Invoice Created Date","První datum vytvoření faktury"
"First Name","Jméno"
"First Name is required field.","Jméno je vyžadovaná položka."
"First Name:","Jméno:"
"Fixed","Pevné"
"Flush Catalog Images Cache","Vyprázdnit vyrovnávací paměť (cache) obrázků"
"Flush JavaScript/CSS Cache","Vyčistit vyrovnávací paměť JavaScript/CSS"
"For category","Pro kategorie"
"For latest version visit: %s","Pro poslední verzi navštivte: %s"
"For product","Pro produkt"
"Forgot your password?","Zapomněli jste heslo?"
"Forgot your user name or password?","Zapomněli jste uživatelské jméno nebo heslo?"
"From","Od"
"GLOBAL","GLOBAL"
"Gb","Gb"
"General Information","Všeobecné informace"
"General Section","Všeobecné informace"
"Get Image Base64","Obrázek v Base64"
"Get help for this page","Získat nápovědu pro tuto stránku"
"Global Attribute","Globální vlastnosti"
"Global Record Search","Globální hledání záznamu"
"Global Search","Globální hledání"
"Go Today","Přejít na dnešek"
"Go to messages inbox","Přejít do složky zpráv"
"Go to notifications","Přejít na upozornění"
"Google Base","Google Base"
"Google Base Items","Položky Google Base"
"Google Sitemaps","Google Sitemaps"
"Grand Total","Celkový součet"
"Grid (default) / List","Tabulka (výchozí) / Seznam"
"Grid Only","Jenom tabulka"
"Group:","Skupina:"
"Guest","Návštěvník"
"HTTP (unsecure)","HTTP (nezabezpečené)"
"HTTPS (SSL)","HTTPS (SSL)"
"Help Us Keep Magento Healthy - Report All Bugs","Pomozte nám udržovat Magento aktuální - Hlaste všechny chyby. <br/> Chyby v překladu prosím hlaste na <a href=""http://www.iguru.eu/contact"">www.iguru.eu</a> kategorie ""Chyby v obchodě Magento"""
"Helper for options rendering doesn't implement required interface.","Pomocník pro volby renderování neimplementuje požadované rozhraní."
"Home","Domů"
"ID","ID"
"ID Path","ID cesta"
"IP Address","IP adresa"
"IPN (Instant Payment Notification) Only","Pouze IPN (Okamžitá notifikace platby - IPN)"
"If this message persists, please contact the store owner.","Pokud tato zpráva přetrvává, prosím kontaktujte provozovatele obchodu."
"If your Magento instance is used for multiple websites, you must configure a separate Payflow Link account for each website.","Pokud používáte instalaci Vašeho Magenta pro více webových stránek, musíte nakonfigurovat Payflow link účet pro každou ze stránek."
"Ignore","Ignorovat"
"Images","Obrázky"
"Images (.gif, .jpg, .png)","Obrázky (.gif, .jpg, .png)"
"Images Cache","Cache obrázků"
"Import","Import"
"Import / Export FAQ (Frequently Asked Questions)","Import / Export FAQ (Často kladené dotazy)"
"Import FAQ","Importovat Často kladené dotazy"
"Import Service","Služba import"
"Import and Export","Import a export"
"Import and Export Tax Rates","Import a export daňových sazeb"
"Import/Export","Import/Export"
"Import/Export Advanced","Rozšířený Import/Export"
"Import/Export Profile","Import/Export Profily"
"Important: ","Důležité:"
"Imported <strong>%s</strong> records","Importováno <strong>%s</strong> záznamů"
"In","V"
"In Database:","V databázi:"
"In File:","V souboru:"
"In Stock","Skladem"
"Inactive","Neaktivní"
"Inactive Tabs","Neaktivní záložky"
"Incl. Tax","S daní"
"Include","Obsahuje"
"Include in Navigation Menu","Zobrazit v navigačním menu"
"Incoming Message","Příchozí zpráva"
"Insert Variable...","Vložte proměnou..."
"Interactive","Interaktivní"
"Interface Locale: %s","Rozhraní v jazyce: %s"
"Invalid Form Key. Please refresh the page.","Chybný klíč formuláře. Prosím obnovte stránku."
"Invalid Import Service Specified","Chybně vybraná importní služba"
"Invalid POST data (please check post_max_size and upload_max_filesize settings in your php.ini file).","Neplatná POST data (prosím zkontrolujte post_max_size a upload_max_filesize nastavení ve Vašem php.ini)"
"Invalid Secret Key. Please refresh the page.","Chybný tajný klíč. Prosím obnovte stránku."
"Invalid Username or Password.","Chybné uživatelské jméno nebo heslo."
"Invalid directory: %s","Chybný adresář: %s"
"Invalid email address ""%s"".","Chybná emailová adresa ""%s""."
"Invalid file: %s","Chybný soubor: %s"
"Invalid input data for %s => %s rate","Chybná vstupní data pro %s => %s sazbu"
"Invalid parent block for this block","Chybný rodičovský blok pro tento blok"
"Invalid parent block for this block.","Chybný rodičovský blok pro tento blok."
"Invalid sender name ""%s"". Please use only visible characters and spaces.","Neplatné jméno odesilatele ""%s"". Prosím používejte pouze viditelné znaky a mezery."
"Invalidated","Zrušený"
"Inventory Stock Status","Stav skladu"
"Invoice #%s comment added","Komentář k faktuře %s přidán"
"Invoice #%s created","Faktura #%s vytvořena"
"Invoice History","Historie faktur"
"Invoice Totals","Faktury celkem"
"Invoice canceling error.","Chyba při rušení faktury."
"Invoice capturing error.","Chyba při zpracování faktury."
"Invoice voiding error.","Chyba při rušení faktury."
"Invoices","Faktury"
"Is Anchor","Rozcestník"
"Is Closed","Uzavřeno"
"Issue Number","Problém číslo"
"Issuer: %s","Vydavatel: %s"
"Items","Položky"
"JavaScript/CSS","JavaScript/CSS"
"JavaScript/CSS Cache","Vyrovnávací paměť pro JavaScript/CSS"
"Kb","Kb"
"Last 24 Hours","Posledních 24 hodin"
"Last 5 Orders","Posledních 5 objednávek"
"Last 5 Search Terms","Posledních 5 vyhledávaných výrazů"
"Last 7 Days","Posledních sedm dní"
"Last Credit Memo Created Date","Datum vytvoření posledního dobropisu"
"Last Invoice Created Date","Datum poslední faktury"
"Last Logged In (%s):","Naposledy přihlášen (%s):"
"Last Logged In:","Naposledy přihlášen:"
"Last Name","Příjmení"
"Last Name is required field.","Příjmení je vyžadovaná položka."
"Last Name:","Příjmení"
"Last updated: %s. To refresh last day's <a href=""%s"">statistics</a>, click <a href=""%s"">here</a>.","Naposledy aktualizováno: %s. K obnovení statistik za<a href=""%s"">poslední dny</a>, klikněte <a href=""%s"">zde</a>"
"Latest Message:","Poslední zpráva:"
"Layered Navigation Indices","Indexy vrstvy navigace"
"Layered Navigation Indices were refreshed.","Obnova vrstvy navigace proběhla v pořádku."
"Layered Navigation Price Step","Cenový krok vrstvy navigace"
"Leave empty to use tax identifier","Ponechte prázdné pro použití DIČ"
"Lifetime Sales","Tržba celkem"
"Lifetime statistics have been updated.","Statistiky byly aktualizovány."
"Links","Odkazy"
"Links with associated products will retain only after saving current product.","Odkazy na sdružené produkty se projeví po uložení produktu."
"List (default) / Grid","Seznam (výchozí) / Tabulka"
"List Only","Jenom seznam"
"Load Template","Nahrát šablonu"
"Load default template","Nahrát výchozí šablonu"
"Loading...","Nahrávám..."
"Local Server","Lokální server"
"Local/Remote Server","Lokální / vzdálený server"
"Locale","Místo a jazyk"
"Log In","Přihlásit se"
"Log Out","Odhlásit"
"Log in to Admin Panel","Přihlásit se do administračního panelu"
"Log into Magento Admin Page","Přihlásit se do administračního rozhraní"
"Logged in as %s","Přihlášen jako %s"
"Login","Přihlášení"
"Low Stock","Nízká zásoba"
"MAJOR","VYSOKÁ"
"MINOR","NÍZKÁ"
"MS Excel XML","MS Excel XML"
"Magento Admin","Magento Admin"
"Magento Commerce - Administrative Panel","Magento Commerce - Administrační rozhraní"
"Magento Connect","Magento Connect"
"Magento Connect Manager","Magento Connect Manažer"
"Magento Logo","Magento Logo"
"Magento is a trademark of Magento Inc. Copyright &copy; %s Magento Inc.","Magento je obchodní známkou Irubin Consulting Inc. DBA Varien. <br/>Copyright &copy; %s Irubin Consulting Inc. <br/> Překlad <a href=""http://www.iguru.eu"">iguru.eu s.r.o.</a>"
"Magento ver. %s","Magento ver. %s"
"Magento&trade; is a trademark of Magento Inc.<br/>Copyright &copy; %s Magento Inc.","Magento je ochranou známkou Irubin Consulting Inc. DBA Varien.<br/>Copyright &copy; %s Irubin Consulting Inc.<br/> Překlad <a href=""http://www.iguru.eu"">iguru.eu s.r.o.</a>"
"Main Tabs","Hlavní záložky"
"Make Inactive","Zneaktivnit"
"Make sure that data encoding in the file is consistent and saved in one of supported encodings (UTF-8 or ANSI).","Ujistěte se, že kódování dat v souboru je konzistentní a uložené v jednom z podporovaných kódování (UTF-8 nebo ANSI)."
"Make sure that you configure the design settings for the Payflow Link form in your Payflow link account.",""
"Manage Attribute Sets","Spravovat množinu vlastností"
"Manage Attributes","Správa vlastností"
"Manage Categories","Správa kategorií"
"Manage Content","Obsah Magento"
"Manage Currency Rates","Spravovat měnové kurzy"
"Manage Customers","Správa zákazníků"
"Manage Ratings","Spravovat hodnocení"
"Manage Stores","Spravovat obchody"
"Manage Tax Rules","Správa daňových pravidel"
"Manage Tax Zones and Rates","Správa daňových zón a sazeb"
"Manage osCommerce Orders","Spravovat objednávky osCommerce"
"Manage osCommerce Profiles","Spravovat profily osCommerce"
"Manual","Ruční"
"Matched Expression","Odpovídá výrazu"
"Max","Max"
"Mb","Mb"
"Media (.avi, .flv, .swf)","Média (.avi, .flv, .swf)"
"Media storages synchronization has completed!","Synchronizace úložiště médií byla dokončena."
"Meta Information","Meta Informace"
"Messages Inbox","Přijaté zprávy"
"Min","Min"
"Month","Měsíc"
"More Tabs","Více záložek"
"Most Viewed","Nejprohlíženější"
"Most Viewed Products","Nejprohlíženější produkty"
"Multiple Select","Vícenásobný výběr (označení)"
"My Account","Můj účet"
"N/A","nedefinováno"
"NOTICE","UPOZORNĚNÍ"
"Name","Jméno"
"Name on Card","Jméno na kartě"
"Name on the Card: %s","Jméno na kartě: %s"
"Name:","Jméno:"
"New ","Nový "
"New API Key","Nový klíč API"
"New Accounts","Nové účty"
"New Attribute","Vytvořit nový atribut"
"New Block","Vytvořit nový blok"
"New Category","Vytvořit novou kategorii"
"New Class","Vytvořit novou třídu"
"New Condition","Vytvořit nové pravidlo"
"New Custom Variable","Vytvořit novou vlastní proměnnou"
"New Customer","Vytvořit nového zákazníka"
"New Customers","Noví zákazníci"
"New Design Change","Vytvořit novou změnu vzhledu"
"New Email Template","Nová šablona emailu"
"New Group","Vytvořit novou skupinu"
"New Invoice","Vytvořit novou fakturu"
"New Item Type","Nový typ položky"
"New Memo","Vytvořit novou poznámku"
"New Memo for #%s","Nová poznámka pro %s"
"New Page","Vytvořit novou stránku"
"New Password","Nové heslo"
"New Poll","Vytvořin novou anktetu"
"New Profile","Nový profil"
"New Rate","Nová sazba"
"New Rating","Nové hodnocení"
"New Review","Nová recenze"
"New Role","Přidat novou roli"
"New Rule","Přidat nové pravidlo"
"New Search","Nové hledání"
"New Set","Nová množina"
"New Shipment","Nová zásilka"
"New Sitemap","Nová mapa stránek"
"New Store View","Nový pohled obchodu"
"New System Template","Nová systémová šablona"
"New Tag","Nový štítek"
"New Template","Nová šablona"
"New User","Nový uživatel"
"New Variable","Vytvořit novou proměnnou"
"New Website","Nové webové stránky"
"New admin password","Nové heslo administrátora"
"Newsletter","Novinky"
"Newsletter Problems","Problémy zpravodaje"
"Newsletter Queue","Fronta zpravodaje"
"Newsletter Subscribers","Odběratelé zpravodaje"
"Newsletter Templates","Šablona zpravodaje"
"Next month (hold for menu)","Příští měsíc (podržte pro menu)"
"Next page","Další"
"Next year (hold for menu)","Příští rok (podržte pro menu)"
"No","Ne"
"No (price without tax)","Ne (cena bez daní)"
"No Data Found","Nenalezena data"
"No Templates Found","Nenalezeny šablony"
"No change","Žádné změny"
"No customer id defined.","Není definováno zákazniceké ID."
"No information available.","Žádné dostupné informace."
"No profile loaded...","Profil nenačten."
"No records found for this period.","Nenalezen záznam pro toto časové období."
"No records found.","Nenalezen záznam."
"No report code specified.","Nespecifikován kód zprávy."
"No search keywords.","Nenalezeno klíčové slovo."
"No search modules were registered","Modul vyhledávání není registrován"
"No wishlist item id defined.","Nedefinováno žádné id položky seznamu přání."
"None","Žádné"
"Note:","Poznámka:"
"Notes","Poznámky"
"Notifications","Upozornění"
"Number of Orders","Počet objednávek"
"Number of Uses","Počet uživatelů"
"Number of records:","Počet záznamů:"
"Old rate:","Stará sazba:"
"On my website","Na mých stránkách"
"Once you log into your Payflow Link account, navigate to the Service Settings - Hosted Checkout Pages - Set Up menu and set the options described below","Jakmile se přihlásíte ke svému účtu Payflow Link, přejděte do Service Setting - Hosted Checkout Pages - Set up menu a nastavte možnosti popsané níže"
"One or more media files failed to be synchronized during the media storages syncronization process. Refer to the log file for details.","Jeden nebo více souborů se nepodařilo synchronizovat během procesu synchronizace médií. Prohlédněte si logy pro zjištění podrobností."
"One or more of the Cache Types are invalidated:","Jedna nebo více typů vyrovnávací paměti je neplatná:"
"Online Customers","Online zákazníci"
"Only attributes with scope ""Global"", input type ""Dropdown"" and Use To Create Configurable Product ""Yes"" are available.","Pouze atributy s možností ""Global"", vstupním typem ""Rozbalovací nabídka"" a použitelné pro konfigurovatelný produkt ""Ano"" jsou dostupné."
"Only mapped fields","Pouze přiřazená pole"
"Optional","Volitelný"
"Options","Možnosti"
"Options menu items","Možnosti položky menu"
"Order #%s","Objednávka %s"
"Order #%s (%s)","Objednávka č:%s (%s)"
"Order Created Date","Datum vytvoření objednávky"
"Order ID","ID Objednávky"
"Order Totals","Objednávka celkem"
"Order Updated Date","Datum aktualizace objednávky"
"Order Updated Date report is real-time, does not need statistics refreshing.",""
"Order cannot be placed.","Objednávka nemůže být zadána."
"Orders","Objednávky"
"Original Magento attribute names in first row:","Původní jména Magento vlastností v prvním řádku:"
"Out of stock","Vyprodáno"
"PDT (Payment Data Transfer) Only","Pouze PDT (Payment Data Transfer)"
"Package","Balík"
"Package Extensions","Rozšíření balíčků"
"Packages","Balíčky"
"Page","Stránka"
"Pages","Stránky"
"Parent Product Thumbnail","Náhled nadřazeného produktu"
"Parent Transaction ID","ID nadřazené transakce"
"Passive mode","Pasivní mód"
"Password","Heslo"
"Password Confirmation","Potvrzení hesla"
"Password confirmation must be same as password.","Potvrzení hesla se musí shodovat s heslem."
"Password must be at least of %d characters.","Heslo musí být delší než %d znaků."
"Password must include both numeric and alphabetic characters.","Heslo musí obsahovat čísla a písmena."
"Password:","Heslo:"
"Path","Cesta"
"Path:","Cesta:"
"Payment method instance is not available.","Platební metoda není dostupná."
"Payment method is not available.",".Platební metoda není dostupná"
"Payment method must be specified.","Musí být vybrána platební metoda."
"Pending Reviews","Čekající recenze"
"Pending Tags","Čekající štítky"
"Per Item","Na položku"
"Per Order","Na objednávku"
"Percent","Procent"
"Performed At","Provedeno v"
"Period","Období"
"Permanent (301)","Trvalé (301)"
"Permissions","Oprávnění"
"Personal Information","Osobní informace"
"Phone:","Telefon:"
"Please Select","Prosím vyberte"
"Please confirm site switching. All data that hasn't been saved will be lost.","Potvrďte změnu stránek. Všechna neuložená data budou ztracena."
"Please continue with placing order.","Prosím pokračujte v odeslání objednávky."
"Please enter 6 or more characters.","Zadejte prosím 6 nebo více znaků."
"Please enter a number greater than 0 in this field.","Do tohoto pole prosím vložte číslo větší než 0."
"Please enter a valid $ amount. For example $100.00.","Vložte prosím platný obnos $. Například $100,00."
"Please enter a valid URL. For example http://www.example.com or www.example.com","Vložte prosím platnou URL. Například http://www.example.com nebo www.example.com"
"Please enter a valid URL. http:// is required","Vložte prosím platnou URL. http:// je povinné."
"Please enter a valid credit card number.","Vložte prosím platné číslo kreditní karty."
"Please enter a valid date.","Vložte prosím platné datum."
"Please enter a valid email address. For example johndoe@domain.com.","Vložte prosím platnou emailovou adresu. Například johndoe@domain.com."
"Please enter a valid email.","Vložte prosím platný email."
"Please enter a valid number in this field.","Zadejte prosím do tohoto pole platné číslo."
"Please enter a valid phone number. For example (123) 456-7890 or 123-456-7890.","Vložte prosím platné telefonní číslo. Například (123) 456-7890 nebo 123-456-7890."
"Please enter a valid social security number. For example 123-45-6789.","Vložte prosím platné číslo sociálního pojištění. Například 123-45-6789."
"Please enter a valid value from list","Vložte prosím platnou hodnotu ze seznamu"
"Please enter a valid value, ex: 10,20,30","Vložte prosím platnou hodnotu. Například: 10, 20, 30"
"Please enter a valid zip code.","Zadejte prosím platné PSČ."
"Please enter a valid zip code. For example 90602 or 90602-1234.","Zadejte prosím platné PSČ. Například 10000."
"Please enter another credit card number to complete your purchase.","Vložte prosím číslo jiné kreditní karty pro dokončení objednávky."
"Please enter valid password.","Vložte prosím platné heslo."
"Please make sure that all global admin search modules are installed and activated.","Ujistěte se, že globální administrátorský vyhledávací modul je instalován a aktivován."
"Please make sure that your changes were saved before running the profile.","Ujistěte se, že jsou Vaše změny uloženy před spuštěním profilu."
"Please make sure your passwords match.","Ujistěte se prosím, že hesla souhlasí."
"Please select State/Province.","Vyberte prosím stát/provincii."
"Please select a customer.","Vyberte zákazníka."
"Please select a store.","Vyberte obchod."
"Please select an option.","Vyberte prosím možnost."
"Please select catalog searches.","Vyberte vyhledávání v katalogu."
"Please select customer(s).","Vyberte zákazníky."
"Please select message(s).","Vyberte zprávy."
"Please select one of the above options.","Vyberte prosím jednu z uvedených možností"
"Please select one of the options.","Vyberte prosím jednu z možností."
"Please select review(s).","Vyberte recenze."
"Please select tag(s).","Vyberte štítky."
"Please specify at least start or end date.","Prosím vyberte počáteční nebo koncové datum."
"Please specify the admin custom URL.","Zadejte vlastní URL administrátorského rozhraní."
"Please try to logout and sign in again.","Prosím zkuste se odhlásit a přihlásit znovu."
"Please use in this field only ""a-z,0-9,_"".","Lze použít pouze ""a-z, 0-9, _"" "
"Please use letters only (a-z) in this field.","V tomto poli prosím použijte pouze písmena (a-z)."
"Please use numbers only in this field. Please avoid spaces or other characters such as dots or commas.","V tomto poli prosím použijte pouze číslice. Vyhněte se mezerám a ostatním znakům, jako jsou tečky a čárky."
"Please use only letters (a-z) or numbers (0-9) only in this field. No spaces or other characters are allowed.","V tomto poli prosím použijte pouze písmena (a-z), nebo číslice (0-9). Nejsou povoleny mezery ani jiné znaky."
"Please use only letters (a-z) or numbers (0-9) or spaces and # only in this field.","V tomto poli prosím použijte pouze písmena (a-z), číslice (0-9), mezery, nebo #."
"Please use this date format: dd/mm/yyyy. For example 17/03/2006 for the 17th of March, 2006.","Použijte prosím tento formát data: dd/mm/rrrr. Například 17/03/2006 pro 17. března, 2006."
"Please wait while the indexes are being refreshed.","Prosím počkejte, než se obnoví indexy."
"Please wait, loading...","Čekejte prosím, načítá se..."
"Please wait...","Prosím čekejte..."
"Please, add some answers to this poll first.","Nejprve přidejte nějaké odpovědi pro tuto anketu."
"Please, select ""Visible in Stores"" for this poll first.","Nejprve označte v obchodě anketu za viditelnou."
"Poll Manager","Správce anket"
"Polls","Ankety"
"Popular","Oblíbené"
"Position of Watermark for %s","Pozice vodoznaku pro %s"
"Pregenerated product images files.","Předgenerované obrázky produktu."
"Preset Theme","Přednastavené téma"
"Prev. month (hold for menu)","Předchozí měsíc (podržte pro menu)"
"Prev. year (hold for menu)","Předchozí rok (podržte pro menu)"
"Preview","Náhled"
"Preview Template","Náhled šablony"
"Previous page","Předchozí"
"Price","Cena"
"Prices","Ceny"
"Price alert subscription was saved.","Upozornění na změnu ceny bylo uloženo."
"Price:","Cena:"
"Processed <strong>%s%% %s/%d</strong> records","Zpracováno <strong>%s%% %s/%d</strong> záznamů"
"Product","Produkt"
"Product Name3 ","Název produktu3 "
"Product Name3 1","Název produktu3 1"
"Product Name3 2","Název produktu3 2"
"Product Reviews","Recenze produktu"
"Product Thumbnail Itself","Náhled produktu"
"Product is not loaded.","Produkt není načten."
"Product:","Produkt:"
"Products","Produkty"
"Products Bestsellers Report","Sestava nejprodávanějších produktů"
"Products Ordered","Objednané produkty"
"Products in Carts","Produkty v košíku"
"Profile Action","Akce profilu"
"Profile Actions XML","Události XML"
"Profile Direction","Kontrola profilu"
"Profile History","Historie profilu"
"Profile Information","Informace o profilu"
"Profile Name","Jméno profilu"
"Profile Payments","Profil plateb"
"Profile Schedule","Profil harmonogramu"
"Profile Wizard","Průvodce profilem"
"Profiles","Profily"
"Promo","Ukázka"
"Promotions","Propagace"
"Purchased Item","Zakoupené položky"
"Qty","Množství"
"Qty:","Množství:"
"Quantity","Množství"
"Queue Refresh","Obnovit frontu"
"Queued... Cancel","Ve frontě... Zrušit"
"Radio Buttons","Přepínač"
"Rates","Sazby"
"Read details","Číst podrobnosti"
"Rebuild","Přegenerovat"
"Rebuild Catalog Index","Přegenerovat index katalogu"
"Rebuild Flat Catalog Category","Přegenerovat Flat katalog kategorií"
"Rebuild Flat Catalog Product","Přegenerovat Flat katalog produktů"
"Recent Orders","Poslední objednávky"
"Recent statistics have been updated.","Nejnovější statistiky byly aktualizovány."
"Recurring Profile","Opakované profily"
"Recurring Profile View","Opakovaná zobrazení profilu"
"Recursive Dir","Rekurzivně adresáře"
"Redirect","Přesměrování"
"Reference","Odkaz"
"Reference ID","ID odkazu"
"Refresh","Obnovit"
"Refresh Now*","Obnovit nyní*"
"Refresh Statistics","Obnovit statistiky"
"Region/State","Kraj/Stát"
"Regular Price:","Běžná cena:"
"Release","Verze"
"Release Stability","Stabilita verze"
"Release Version","Vydaná verze"
"Remote FTP","Vzdálené FTP"
"Remove","Odstranit"
"Reports","Reporty"
"Request Path","Požadovaná cesta"
"Required","Vyžadováno"
"Required settings","Vyžadované nastavení"
"Reset","Vynulovat"
"Reset Filter","Resetovat filtr"
"Reset Successful","Úspěšně vymazáno"
"Resize","Změnit velikost"
"Resource Access","Přístup ke zdrojům"
"Resources","Zdroje"
"Results","Výsledky"
"Retrieve Password","Získat heslo"
"Return Html Version","Vrátit HTML verzi"
"Return URL: ","Návratová URL:"
"Revenue","Příjem"
"Reviews","Hodnocení"
"Reviews and Ratings","Recenze a hodnocení"
"Rewrite Rules","Pravidla přepisu (rewrite)"
"Role ID","ID Role"
"Role Info","Info o roli"
"Role Information","Informace o roli"
"Role Name","Jméno role"
"Role Resources","Zdroje role"
"Role Users","Uživatelské role"
"Roles","Role"
"Roles Resources","Zdroje role"
"Rotate CCW","Rotovat doleva"
"Rotate CW","Rotovat doprava"
"Run","Spustit"
"Run Profile","Spustit profil"
"Run Profile Inside This Window","Spustit profil uvnitř tohoto okna"
"Run Profile in Popup","Spustit profil v novém okně"
"Running... Kill","Běží... Zabít"
"Set Product as New from Date","Nastavit produkt jako nový od"
"Set Product as New to Date","Nastavit produkt jako nový do"
"SKU","SKU"
"SKU:","SKU:"
"SORT BY:","Třídit dle:"
"SSL Error: Invalid or self-signed certificate","SSL chyba: Špatný nebo nedůvěryhodný certifikát"
"Sales","Prodej"
"Sales Report","Report prodejů"
"Samples","Ukázka"
"Save","Uložit"
"Save & Generate","Uložit a vygenerovat"
"Save Account","Uložit účet"
"Save Cache Settings","Uložit nastavení cache"
"Save Config","Uložit nastavení"
"Save Currency Rates","Uložit sazby měn"
"Save Profile","Uložitprofil"
"Save Role","Uložit roli"
"Save Template","Uložit šablonu"
"Save Theme","Uložit téma"
"Save User","Uložit uživatele"
"Save and Continue Edit","Uložit a pokračovat v úpravách"
"Screens:","Obrazovek:"
"Search","Hledání"
"Search Index","Vyhledávací index"
"Search Term","Hledaný výraz"
"Search Terms","Vyhledávané termíny"
"Select","Vybrat"
"Select All","Vybrat vše"
"Select Category","Vybrat kategorii"
"Select Date","Vybrat datum"
"Select Range","Vyberte rozsah"
"Select Template","Vybrat šablonu"
"Select Visible","Označit viditelné"
"Select date","Vybrat datum"
"Selected allowed currency ""%s"" is not available in installed currencies.","Vybrané povolené měny ""%s"" nejsou dostupné v nainstalovaných měnách."
"Selected base currency is not available in installed currencies.","Vybraná výchozí měna není dostupná v instalovaných měnách."
"Selected default display currency is not available in allowed currencies.","Vybraná výchozí zobrazovaná měna není dostupná v povolených měnách."
"Selected default display currency is not available in installed currencies.","Vybraná výchozí zobrazovaná měna není dostupná v instalovaných měnách."
"Self-assigned roles cannot be deleted.","Přiřazené role nemohou být smazány."
"Sender","Odesilatel"
"Separate Email","Oddělené emaily"
"Shipment #%s comment added","Komentář k zásilce %s přidán"
"Shipment #%s created","Zásilka #%s vytvořena"
"Shipment Comments","Komentář k zásilce"
"Shipment History","Historie zásilky"
"Shipments","Zásilky"
"Shipping","Přeprava"
"Shipping Address","Dodací adresa"
"Shipping Address: ","Dodací adresa: "
"Shipping Origin","Původ zásilky"
"Shipping Price","Cena přepravy"
"Shipping address selection is not applicable","Vybraná adresa doručení není použitelná"
"Shipping method must be specified.","Musí být vybrána metoda přepravy."
"Shipping method selection is not applicable","Vybraná metoda doručení není použitelná"
"Shopping Cart","Nákupní košík"
"Shopping Cart Price Rules","Pravidla nákupního košíku"
"Shopping Cart from %s","Nákupní košík od %s"
"Show By","Zobrazit dle"
"Show Report For","Ukázat zprávu pro"
"Show Reviews","Zobrazit recenze"
"Show confirmation page: ","Zobrazit potvrzující stránku: "
"Silent Post URL:","Tichý příspěvek URL:"
"Sitemap Information","Informace o mapě stránek"
"Size for %s","Velikost pro %s"
"Skip Category Selection","Přeskočit výběr kategorie"
"Small Image","Malý obrázek"
"Some items in this order have different invoice and shipment types. You can create shipment only after the invoice is created.","Některé z položek v této objednávce má rozdílnou fakturu a způsob doručení. Zásilku můžete vyrobit až po vystavení faktury."
"Some of the ordered items do not exist in the catalog anymore and will be removed if you try to edit the order.","Některé z objednaných položek již neexistují v katalogu a budou odstraněny pokud budete upravovat objednávku."
"Some other FAQ","Některé další FAQ"
"Sorry, this feature is coming soon...","Omlouváme se, tato funkce bude teprve dodělána..."
"Sort Order","Pořadí"
"Special Price:","Akční cena:"
"Special Price From Date","Akční cena od data"
"Special Price To Date","Akční cena do data"
"Specific Countries","Specifikujte Země"
"Specified","Specifikovaný"
"Specified profile does not exist.","Vybraný profil neexistuje."
"Spreadsheet Name:","Jméno sešitu:"
"Start Date","Start Datum"
"Start/Reset Validation...","Spustit/obnovit ověřování..."
"Starting profile execution, please wait...","Spouštím profil, prosím čekejte..."
"State/Province:","Kraj/Region:"
"Static Blocks","Statické bloky"
"Status","Stav"
"Status:","Stav:"
"Stock Quantity:","Množství na skladu:"
"Stock notification was saved.","Upozornění pro sklad uloženo."
"Store","Obchod"
"Store Email Addresses Section","Emailové adresy obchodu"
"Store View","Obchod Pohled"
"Store:","Obchod:"
"Stores","Obchody"
"Subject","Předmět"
"Submit","Odeslat"
"Subpackage cannot be conflicting.","Část balení nesmí způsobovat konflikty."
"Subtotal","Součet"
"Switch/Solo card issue number: %s","Přepínač/Samostatné číslo karty: %s"
"Switch/Solo card start Date: %s/%s","Přepínač/Samostatné počáteční datum: %s/%s"
"Switch/Solo/Maestro Only","Pouze Switch/Solo/Maestro"
"Switch/Solo/Maestro(UK Domestic) Only","Switch/Solo/Maestro(pouze pro občany UK)"
"Switch/Solo/Maestro(UK Domestic) card issue number: %s","Switch/Solo/Maestro (pouze pro občany UK) číslo karty: %s"
"Switch/Solo/Maestro(UK Domestic) card start Date: %s/%s","Switch/Solo/Maestro (pouze pro občany UK) datum vydání karty: %s/%s"
"Synchronization is required.","Je vyžadována synchronizace."
"Synchronization of media storages has been successfully completed.","Synchronizace úložiště médii dokončena."
"Synchronize","Synchronizovat"
"Synchronizing %s to %s","Synchronizace %s do %s"
"Synchronizing...","Synchronizuji..."
"System","Systém"
"System Section","Systém"
"System busy","Systém je zaneprázdněn"
"T-Shirts","Trička"
"Tags","Štítky"
"Target","Cíl"
"Target Path","Cílová cesta"
"Tax","DPH"
"Tb","Tb"
"Tell a Friend","Poslat známému"
"Template","Šablona"
"Template Content","Obsah šablony"
"Template Information","Informace o šabloně"
"Template Name","Jméno šablony"
"Template Styles","Šablony stylu"
"Template Subject","Předmět šablony"
"Template Type","Typ šablony"
"Temporary (302)","Dočasné (302)"
"Terms and Conditions","Pravidla a podmínky"
"Text","Text"
"Tier Price","Cenové hladiny"
"The Catalog Rewrites were refreshed.","Přepis katalogu byl obnoven."
"The CatalogInventory Stock Status has been rebuilt.","Stav skladu katalogu byl přegenerován."
"The Comment Text field cannot be empty.","Pole komentáře nesmí být prázdné."
"The Flat Catalog Product was rebuilt","Flat katalog produktů byl přegenerován"
"The JavaScript/CSS cache has been cleaned.","Vyrovnávací paměť (cache) JavaScriptu/CSS byla smazána."
"The JavaScript/CSS cache has been cleared.","Vyrovnávací paměť (cache) JavaScriptu/CSS byla smazána."
"The Layered Navigation indexing has been queued.","Indexování vrstvy navigace je ve frontě."
"The Layered Navigation indexing queue has been canceled.","Indexování vrstvy navigace bylo zrušeno."
"The Layered Navigation indices were refreshed.","Proběhla obnova vrstvy navigace."
"The Layered Navigation process has been queued to be killed.","Fronta vrstvy navigace byla ukončena."
"The Magento cache storage has been flushed.","Vyrovnávací paměť (cache) Magenta byla vyčištěna."
"The URL Rewrite has been deleted.","Url alias byl smazán."
"The URL Rewrite has been saved.","Url alias byl uložen."
"The account has been saved.","Účet byl uložen."
"The archive can be uncompressed with <a href=""%s"">%s</a> on Windows systems","Archiv může být rozbalen <a href=""%s"">%s</a> v okně systému"
"The attribute set has been removed.","Množina vlastností byla odebrána."
"The backup has been created.","Záloha byla vytvořena."
"The billing agreement has been canceled.","Platební podmínky byly zrušeny."
"The billing agreement has been deleted.","Platební podmínky byly smazány."
"The cache storage has been flushed.","Vyrovnávací paměť (cache) obchodu byla vyprázdněna."
"The card has failed verification with the issuer bank.","Selhalo ověření karty u jejího vydavatele."
"The carrier needs to be specified.","Musí být vybrán způsob dopravy."
"The catalog index has been rebuilt.","Index katalogu byl obnoven."
"The catalog rewrites have been refreshed.","Přepis katalogu byl obnoven."
"The configuration has been saved.","Nastavení bylo uloženo."
"The credit memo has been canceled.","Dobropis byl zrušen."
"The credit memo has been created.","Dobropis byl vytvořen."
"The credit memo has been voided.","Dobropis byl vynulován."
"The custom variable has been deleted.","Vlastní proměnné byly smazány."
"The custom variable has been saved.","Vlastní proměnné byly uloženy."
"The customer has been deleted.","Zákazník byl smazán."
"The customer has been saved.","Zákazník byl uložen."
"The design change has been deleted.","Změna vzhledu byla smazána."
"The design change has been saved.","Změna vzhledu byla uložena."
"The email address is empty.","Emailová adresa je prázdná."
"The email template has been deleted.","Šablona emailu byla smazána."
"The email template has been saved.","Šablona emailu byla uložena."
"The flat catalog category has been rebuilt.","Flat katalog kategorií byl byl přegenerován."
"The group node name must be specified with field node name.","Jméno skupiny uzlů musí být specifikováno v poli jméno uzlu."
"The image cache was cleaned.","Vyrovnávací paměť (cache) obrázků byla smazána."
"The image cache was cleared.","Cache obrázků byla smazána."
"The information in this tab has been changed.","Informace v této záložce byly změněny."
"The invoice and shipment have been created.","Faktura a zásilka byla úspěšně vytvořena."
"The invoice has been canceled.","Faktura byla zrušena."
"The invoice has been captured.","Faktura byla zachycena."
"The invoice has been created.","Faktura byla vytvořena."
"The invoice has been voided.","Faktura byla zrušena."
"The invoice no longer exists.","Faktura již neexistuje."
"The order does not allow creating an invoice.","Objednávka neumožňuje vytvořit fakturu."
"The order no longer exists.","Objednávka již neexistuje."
"The poll has been deleted.","Profil byl smazán."
"The poll has been saved.","Anketa byla uložena."
"The profile has been deleted.","Profil byl smazán."
"The profile has been saved.","Profil byl uložen."
"The profile has been updated.","Profil byl aktualizován."
"The profile has no changes.","Profil beze změn."
"The rating has been deleted.","Hodnocení bylo smazáno."
"The rating has been saved.","Hodnocení bylo uloženo."
"The role has been deleted.","Role byla smazána."
"The role has been saved.","Role byla uložena."
"The role has been successfully saved.","Role byla úspěšně uložena."
"The search index has been rebuilt.","Vyhledávací index byl přegenerován."
"The shipment has been created.","Zásilka byla vytvořena."
"The shipment has been sent.","Zásilka byla odeslána."
"The tag has been deleted.","Štítek byl smazán."
"The tag has been saved.","Štítek byl uložen."
"The user has been deleted.","Uživatel byl smazán."
"The user has been saved.","Uživatel byl uložen."
"Theme has been saved.","Téma bylo uloženo."
"Themes JavaScript and CSS files combined to one file.","Zkombinovat JavaScript a css soubory témata do jednoho souboru."
"There has been wrong payment information submitted or time limit has expired. Please, try again.","Došlo k chybné informaci o platbě, nebo byla překročena časová lhůta. Prosím zkuste to znovu."
"There is an error in one of the option rows.","Chyba v jedné z možností řádku."
"This Account is","Tento účet je"
"This Email template no longer exists.","Tato emailová šablona již neexistuje."
"This Role no longer exists","Tento role již neexistuje"
"This Role no longer exists.","Tato role již neexistuje."
"This account is","Tento účet je"
"This account is inactive.","Tento účet je neaktivní."
"This attribute set does not have attributes which we can use for configurable product","Tato množina atributů neobsahuje atributy které mohou být použity pro konfigurovatelný produkt"
"This attribute shares the same value in all the stores","Tato vlastnost sdílí tu samou hodnotu ve všech obchodech"
"This is a demo store. Any orders placed through this store will not be honored or fulfilled.","Toto je ukázkový obchod. Veškeré učiněné objednávky v tomto obchodě nebudou placeny ani vyřízeny."
"This is a required field.","Toto pole je povinné."
"This product is currently disabled.","Tento produkt je v současné době zakázán."
"This report depends on timezone configuration. Once timezone is changed, the lifetime statistics need to be refreshed.","Tato sestava je závislá na nastavení časového pásma. Pokud změníte časové pásmo, je potřeba nechat obnovit statistiky."
"This section is not allowed.","Tato sekce není povolená."
"This tab contains invalid data. Please solve the problem before saving.","Tato záložka obsahuje chybná data. Odstraňte je prosím před uložením."
"This user no longer exists.","Tento uživatel již neexistuje."
"Thumbnail","Náhled"
"Time","Čas"
"Time selection:","Výběr času:"
"Time:","Čas:"
"Timeout limit for response from synchronize process was reached.","Bylo dosaženo časového limitu na synchronizaci."
"Title bar","Záhlaví"
"To","Do"
"To cancel pending authorizations and release amounts that have already been processed during this payment, click Cancel.","Chcete-li zrušit částku čekající na schválení a uvolnit částky, které byli již zpracovány v průběhu této platby, klepněte na Zrušit."
"To use Payflow Link, you must configure your Payflow Link account on the Paypal website.","Pro použití Payflow Link, musíte nastavit svůj účet Payflow Link na stránce Paypal."
"Toggle Editor","Přepnout editor"
"Tools","Nástroje"
"Top 5 Search Terms","Nejvyhledávanějších 5 výrazů"
"Total","Celkem"
"Total %d records found","Celkem nalezeno záznamů: %d"
"Total Invoiced","Celkem fakturováno"
"Total Order Amount","Celkové množství objednávek"
"Total Refunded","Celkem zaplaceno"
"Total of %d record(s) have been deleted.","Celkem smazaných záznamů: %d."
"Total of %d record(s) have been updated.","Celkem aktualizovaných záznamů: %d."
"Total of %d record(s) were canceled.","Celkem zrušených záznamů: %d."
"Track Order","Sledovat objednávku"
"Track this shipment","Sledovat zásilku"
"Tracking number %s for %s assigned","Číslo pro sledování %s pro %s přiřazeno"
"Tracking number cannot be empty.","Sledovací číslo nesmí být prázdné."
"Transaction Data","Transakční data"
"Transaction Details","Podrobnosti transakce"
"Transaction ID","ID transakce"
"Transaction Type","Typ transakce"
"Transactional Emails","Transakční emaily"
"Transactions","Transakce"
"Try Magento Go for Free","Vyzkoušejte Magento Go zdarma"
"Type","Typ"
"Type:","Typ:"
"URL Rewrite","Přepis url"
"URL Rewrite Information","Informace o url aliasech"
"URL Rewrite Management","Správa přepisů URL"
"Unable to cancel the credit memo.","Dobropis nelze zrušit."
"Unable to find a Email Template to delete.","Šablonu nelze smazat (nebyla nalezena)."
"Unable to find a poll to delete.","Nelze najít anketu ke smazání."
"Unable to find a tag to delete.","Nenalezen štítek ke smazání."
"Unable to find a user to delete.","Nenalezen uživatel ke smazání."
"Unable to initialize import model","Nelze inicializovat importní model"
"Unable to refresh lifetime statistics.","Nepodařilo se obnovit životnost statistiky."
"Unable to refresh recent statistics.","Nelze aktualizovat poslední statistiky."
"Unable to save the cron expression.","Nelze uložit výraz do Cronu."
"Unable to save the invoice.","Fakturu nelze uložit."
"Unable to send the invoice email.","Nelze odeslat fakturační email."
"Unable to send the shipment email.","Nelze odeslat informace o zásilce."
"Unable to void the credit memo.","Dobropis nelze zrušit."
"Unknown","Neznámý"
"Unknown Error","Neznámá chyba"
"Unknown Error.","Neznámá chyba."
"Unlimited","Neomezeno"
"Unselect All","Odznačit vše"
"Unselect Visible","Odznačit viditelné"
"Update","Aktualizovat"
"Update Preview","Aktualizovat náhled"
"Updated At","Aktualizovat v"
"Upload File","Nahrát soubor"
"Upload Files","Nahrát soubory"
"Upload HTTP Error","HTTP chyba při nahrávání"
"Upload I/O Error","I/O chyba při nahrávání"
"Upload Security Error","Bezpečnostní chyba při nahrávání"
"Upload import file","Nahrát importní soubor"
"Use All Available Attributes","Použít všechny dostupné atributy"
"Use Config Settings","Použijte konfiguraci nastavení"
"Use Default","Použít výchozí"
"Use Default Value","Použít výchozí hodnotu"
"Use Default Variable Values","Použít výchozí hodnoty proměnných"
"Use Silent Post:","Použít tichý příspěvek:"
"Use Website","Použít webové stránky"
"Used Currently For","Používané v současné době pro"
"Used as Default For","Použít jako výchozí pro"
"User","Uživatel"
"User Email","Email uživatele"
"User ID","ID uživatele"
"User Info","Info o uživateli"
"User Information","Informace o uživateli"
"User Name","Uživatelské jméno"
"User Name is required field.","Uživatelské jméno je vyžadovaná položka."
"User Name:","Uživatelské jméno:"
"User Role","Role uživatele"
"User Roles","Role uživatele"
"User Roles Information","informace o rolích uživatele"
"User name","Uživatelské jméno"
"Users","Uživatelé"
"Validation Results","Výsledky ověření"
"Value","Hodnota"
"Value Delimiter:","Oddělovač hodnot:"
"Variable","Proměnná"
"Variable Code","Kód proměnné"
"Variable HTML Value","Hodnota proměnné HTML"
"Variable ID","ID proměnné"
"Variable Name","Jméno proměnné"
"Variable Plain Value","Hodnota proměnné"
"Verification Failed","Ověření selhalo"
"Verification Successful","Ověření bylo úspěšné"
"Verification cannot be processed","Ověření nemůže být zpracováno"
"View","Pohled"
"View Actions XML","Zobrazit události XML"
"View Details","Zobrazit podrobnosti"
"View Full Size","Zobrazit v plné velikosti"
"View Gallery","Zobrazit galerii"
"View Memo","Zobrazit poznámku"
"View Memo for #%s","Zobrazit poznámku pro %s"
"View Shipment","Zobrazit zásilku"
"View Statistics For","Zobrazit statistiku pro"
"Visibility:","Viditelnost:"
"Warning! Empty value can cause problems with CSV format.","Upozornění! Prázdná hodnota může způsobit problémy s CSV formátem."
"Warning!\r\nThis action will remove this user from already assigned role\r\nAre you sure?","Pozor!\r\nTato akce odstraní tohoto uživatele ze všech přiřazených rolí\r\nJste si jisti?"
"Warning!\r\nThis action will remove those users from already assigned roles\r\nAre you sure?","Pozor!\r\nTato akce odstraní tyto uživatele ze všech přiřazených rolí\r\nJste si jisti?"
"Warning: All related AirMail messages will be deteted!\n Are you sure you want to do this?","Upozornění: Všechny zprávy související s AirMail budou smazány!\n Jste si jisti, že to chcete udělat?"
"Warning: Please do not close the window during importing/exporting data","Varování: Prosím nezavírejte okno během importu/exportu dat"
"Watermark File for %s","Vodoznak pro %s"
"We appreciate our merchants' feedback, please <a href=""#"" onclick=""surveyAction('yes'); return false;"">take our survey</a> to provide insight on the features you would like included in Magento. <a href=""#"" onclick=""surveyAction('no'); return false;"">Remove this notification</a>","Vážíme si našich obchodníků, prosím <a href=""#"" onclick=""surveyAction('yes'); return false;"">dejte nám vědět</a>, jaké vlastnosti - funkčnosti byste chtěli mít v Magentu. <a href=""#"" onclick=""surveyAction('no'); return false;"">Odebrat toto upozornění.</a>"
"We detected that your JavaScript seem to be disabled.","Zjistili jsme, že máte vypnutý JavaScript."
"We're in our typing table, coding away more features for Magento. Thank you for your patience.","Prostě na tom makáme. Děkujeme za shovívavost ;)."
"Web Section","Web"
"Web Services","Webové služby"
"Web services","Webové služby"
"Website","Webové stránky"
"What is this?","Co to je?"
"Wishlist Report","Report seznamu přání"
"Wishlist item is not loaded.","Seznam přání není načten."
"Wrong billing agreement ID specified.","Uvedeno špatné ID platebních podmínek."
"Wrong column format.","Špatný formát sloupců."
"Wrong newsletter template.","Chybná šablona zpravodaje."
"Wrong quote item.","Špatná položka objednávky."
"Wrong tab configuration.","Chybné nastavení záložky."
"Wrong tag was specified.","Vybrán chybný štítek."
"Wrong transaction ID specified.","Špatně uvedené ID transakce."
"XML","XML"
"YTD","Letos"
"Year","Rok"
"Yes","Ano"
"Yes (301 Moved Permanently)","Ano (301 Trvale přesunuto)"
"Yes (302 Found)","Ano (302 nalezeno)"
"Yes (only price with tax)","Ano (pouze cena s daní)"
"You cannot delete your own account.","Nemůžete smazat svůj vlastní účet."
"You have %s unread message(s).","Máte %s nepřečtených zpráv."
"You have logged out.","Jste odhlášeni."
"You have not enough permissions to use this functionality.","Nemáte dostatečná oprávnění k použití této funkce."
"You must have JavaScript enabled in your browser to utilize the functionality of this website.","Pro plnou funkčnost této stránky musíte mít povolen JavaScript ve Vašem prohlížeči."
"You need to specify order items.","Musíte určit pořadí položek."
"Your answers contain duplicates.","Vaše odpověď obsahuje duplikáty."
"Your server PHP settings allow you to upload files not more than %s at a time. Please modify post_max_size (currently is %s) and upload_max_filesize (currently is %s) values in php.ini if you want to upload larger files.","Nastavení PHP Vašeho serveru v tuto chvíli neumožňuje nahrát soubory větší než %s. Prosím upravte hodnoty post_max_size (momentálně je %s) a upload_max_filesize (momentálně je %s) v php.ini pokud chcete nahrávat větší soubory."
"Your web server is configured incorrectly. As a result, configuration files with sensitive information are accessible from the outside. Please contact your hosting provider.","Váš webový server je chybně nastaven. Konfigurační soubory s citlivými informacemi jsou přístupné z venku. Prosím kontaktujte svého poskytovatele hostingu."
"Zip/Postal Code","PSČ"
"Zip/Postal Code:","PSČ"
"[ deleted ]","[ smazáno ]"
"[GLOBAL]","[GLOBAL]"
"[STORE VIEW]","[Zobrazení obchodu]"
"[WEBSITE]","[WEBSITE]"
"b","b"
"close","zavřít"
"critical","kritická"
"example: ""sitemap/"" or ""/"" for base path (path must be writeable)","například: ""sitemap/"" nebo ""/"" pro výchozí cestu (cesta musí být zapisovatelná)"
"example: sitemap.xml","například: sitemap.xml"
"from","od"
"images/logo.gif","images/logo.gif"
"items selected","Vybrané položky"
"major","vysoká"
"minor","nízká"
"notice","upozornění"
"of %s pages","stránek %s"
"per page","na stránku"
"so url rewrite is not possible.","takže url přepis není možný."
"store(%s) scope","rozsah obchodu (%s)"
"to","do"
"website(%s) scope","rozsah webových stránek (%s)"
"{{base_url}} is not recommended to use in a production environment to declare the Base Unsecure URL / Base Secure URL. It is highly recommended to change this value in your Magento <a href=""%s"">configuration</a>.","{{base_url}} Není doporučováno používat výchozí nastavení přednastavené v nastavení nezabezpečená URL/ zabezpečená URL. Je důrazně doporučováno změnit tuto hodnotu ve Vaší Magento <a href=""%s"">konfiguraci</a>."
"Access Deny","Zamítnout přístup"
"Account successfully saved","Účet byl úspěšně uložen"
"Add new Role","Přidat novou roli"
"Backup successfully created","Záloha úspěšně vytvořena"
"Billing address","Fakturační adresa"
"Cache storage was flushed successfully.","Vyrovnávací paměť obchodu vyla úspěšně vyčištěna."
"Catalog Index rebuild error. Please try again later","Chyba při obnově katalogového indexu. Prosím zkuste to později"
"Catalog Rewrites was refreshed successfully","Přepis katalogu byl úspěšně obnoven"
"CatalogInventory Stock Status rebuild error. Please try again later","#~ ""Chyba při obnovování stavu zboží na skladě. Prosím zkuste to později"""
"Configuration successfully saved","Nastavení úspěšně uloženo"
"Created At Invoice","Fakturováno"
"Created At Order","Objednáno"
"Created At Refunded","Vráceno"
"Created At Shipment","Zásilka vytvořena"
"Credit Memo cancel error.","Chyba při rušení dobropisu."
"Credit Memo void error","Chyba, prázdný dobropis"
"Credit Memo was successfully created","Dobropis byl úspěšně vytvořen"
"Customer was successfully saved","Zákazník byl úspěšně uložen"
"Error while cleared Image cache. Please try again later","#~ ""Chyba při mazání vyrovnávací paměti (cache) obrázků. Prosím zkuste to ""#~ ""později."""
"Error while cleared Image cache. Please try again later.","#~ ""Chyba při mazání vyrovnávací paměti (cache) obrázků. Prosím zkuste to ""#~ ""později."""
"Error while cleared JavaScript/CSS cache. Please try again later.","#~ ""Chyba při mazání vyrovnávací paměti (cache) JavaScriptu/CSS. Prosím ""#~ ""zkuste to později."""
"Error while create backup. Please try again later","Chyba při vytváření zálohy. Prosím zkuste to později."
"Error while deleting this role. Please try again later.","Chyba při mazání této role. Prosím zkuste to později."
"Error while deleting this template. Please try again later.","Chyba při mazání této šablony. Prosím zkuste to později."
"Error while saving account. Please try again later","Chyba při ukládání účtu. Prosím zkuste to později."
"Error while saving this role. Please try again later.","Chyba při ukládání této role. Prosím zkuste to později."
"Excel","Excel"
"Firstname","Jméno"
"Flat Catalog Category rebuild error","Chyba při přegenerovávání Flat katalogu kategorií"
"Flat Catalog Product rebuild error. Please try again later","#~ ""Chyba při přegenerovávání Flat katalogu produktů. Prosím zkuste to později"""
"Invalid section value","Chybná část hodnoty"
"Invalid store value","Chybně uložená hodnota"
"Invalid website value","Chybně uložený web"
"Invoice was successfully canceled.","Faktura byla úspěšně zrušena."
"Invoice was successfully captured","Faktura byla úspěšně zachycena"
"Invoice without products could not be created.","Faktura bez produktů nemůže být vytvořena."
"Is Active","Aktivní"
"JavaScript/CSS cache was cleaned successfully.","Vyrovnávací paměť (cache) JavaScriptu/CSS byla úspěšně smazána."
"Lastname","Příjmení"
"Layered Navigation Indices was refreshed successfully","Obnova vrstvy navigace proběhla v pořádku"
"No profile","Žádný profil"
"One of options row has error","Jeden ze řádků možností obsahuje chybu"
"Order confirmation email not sent","Potvrzující mail objednávky nebyl odeslán"
"Order not longer exist","Objednávka již neexistuje"
"Qty for Item's Status to Become Out of Stock","Množstí pro nastavení statusu Vyprodáno"
"Please fill in 'email' field.","Vyplňte pole email."
"Poll was successfully deleted","Anketa byla úspěšně smazána"
"Poll was successfully saved","Anketa byla úspěšně uložena"
"Profile was successfully saved","Profil byl úspěšně uložen"
"Rating was successfully deleted","Hodnocení bylo úspěšně smazáno"
"Rating was successfully saved","Hodnocení bylo úspěšně uloženo"
"Role successfully deleted.","Role úspěšně smazána."
"Role successfully saved.","Role úspěšně uložena."
"Run in popup","Spustit v novém okně"
"Save And Continue Edit","Uložit a pokračovat v úpravách"
"Save and Continue Editing","Uložit a pokračovat v úpravách"
"Search Index rebuild error. Please try again later","Chyba při obnově vyhledávacího indexu. Prosím zkuste to později"
"Search Index was rebuilt successfully","Vyhledávací index byl úspěšně obnoven"
"Shipment was successfully created.","Zásilka byla úspěšně vytvořena."
"Shipping address","Dodací adresa"
"SubTotal","Mezisoučet"
"Tag was successfully deleted","Štítek byl úspěšně smazán"
"Tag was successfully saved","Štítek byl úspěšně uložen"
"This User no longer exists","Tento uživatel již neexistuje"
"Total Shipping","Přeprava celkem"
"Thumbnail Image","Miniatura obrázku"
"Updated At Order","Objednávka aktualizována"
"User was successfully deleted","Uživatel byl úspěšně smazán"
"User was successfully saved","Uživatel byl úspěšně uložen"
"You can not delete self assigned roles.","Nemůžete smazat přiřazené role."
"You have","Máte"
"You have not enought permissions to login.","Nemáte práva k přihlášení."
"You need specify carrier.","Musíte vybrat způsob přepravy."
